"Team","Season","Date","Opp","is_home","second_half_game_num","pred_runs_scored","pred_runs_allowed","pred_win_prob","pred_win"
"ARI",2026,2026-08-04,"SDP",1,1,4.58198230824857,4.288964985448,0.51687929290261,1
"ARI",2026,2026-08-05,"SDP",1,2,4.58198230824857,4.288964985448,0.51687929290261,1
"ARI",2026,2026-08-06,"SDP",1,3,4.58198230824857,4.288964985448,0.51687929290261,1
"ARI",2026,2026-08-07,"LAD",1,4,4.06167469719723,4.62220582350774,0.447086527841713,0
"ARI",2026,2026-08-08,"LAD",1,5,4.06020798942895,4.62220582350774,0.447086527841713,0
"ARI",2026,2026-08-09,"LAD",1,6,4.06020798942895,4.62220582350774,0.447086527841713,0
"ARI",2026,2026-08-10,"COL",1,7,5.61466710254686,4.37379323517846,0.60800767559216,1
"ARI",2026,2026-08-11,"COL",1,8,5.60690966350118,4.37379323517846,0.60800767559216,1
"ARI",2026,2026-08-12,"COL",1,9,5.60690966350118,4.37379323517846,0.60800767559216,1
"ARI",2026,2026-08-14,"ATL",0,10,4.19735136446469,4.59580490020253,0.450502644107173,0
"ARI",2026,2026-08-15,"ATL",0,11,4.19735136446469,4.59580490020253,0.450502644107173,0
"ARI",2026,2026-08-16,"ATL",0,12,4.19974707463548,4.59580490020253,0.450502644107173,0
"ARI",2026,2026-08-17,"BOS",0,13,4.2697956514397,4.3474985262733,0.482478523972242,0
"ARI",2026,2026-08-18,"BOS",0,14,4.2697956514397,4.3474985262733,0.482478523972242,0
"ARI",2026,2026-08-19,"BOS",0,15,4.26525106240604,4.3474985262733,0.482478523972242,0
"ARI",2026,2026-08-21,"CIN",1,16,4.84153487410817,4.21198863286192,0.595388999478229,1
"ARI",2026,2026-08-22,"CIN",1,17,4.84153487410817,4.21198863286192,0.595388999478229,1
"ARI",2026,2026-08-23,"CIN",1,18,4.84153487410817,4.21198863286192,0.595388999478229,1
"ARI",2026,2026-08-24,"CHC",1,19,4.22897121300503,4.75503653380658,0.464469569181208,0
"ARI",2026,2026-08-25,"CHC",1,20,4.2299308224953,4.75503653380658,0.464469569181208,0
"ARI",2026,2026-08-26,"CHC",1,21,4.2299308224953,4.75503653380658,0.464469569181208,0
"ARI",2026,2026-08-27,"SFG",0,22,4.69371613001501,4.22626471488229,0.610884102823592,1
"ARI",2026,2026-08-28,"SFG",0,23,4.69371613001501,4.22626471488229,0.610884102823592,1
"ARI",2026,2026-08-29,"SFG",0,24,4.69371613001501,4.22626471488229,0.610884102823592,1
"ARI",2026,2026-08-29,"SFG",0,25,4.69371613001501,4.22626471488229,0.610884102823592,1
"ARI",2026,2026-08-31,"PHI",1,26,4.38037025502794,4.22832610812234,0.50312435435904,1
"ARI",2026,2026-09-01,"PHI",1,27,4.38037025502794,4.22900653894253,0.50312435435904,1
"ARI",2026,2026-09-02,"PHI",1,28,4.38037025502794,4.22900653894253,0.50312435435904,1
"ARI",2026,2026-09-04,"HOU",0,29,4.76903940977907,4.46599146234791,0.581117454609798,1
"ARI",2026,2026-09-05,"HOU",0,30,4.75719599287503,4.46599146234791,0.581117454609798,1
"ARI",2026,2026-09-06,"HOU",0,31,4.75719599287503,4.46599146234791,0.581117454609798,1
"ARI",2026,2026-09-07,"KCR",0,32,5.30074458281846,4.19623256731581,0.618229973843319,1
"ARI",2026,2026-09-08,"KCR",0,33,5.30074458281846,4.19623256731581,0.618229973843319,1
"ARI",2026,2026-09-09,"KCR",0,34,5.30074458281846,4.19623256731581,0.618229973843319,1
"ARI",2026,2026-09-11,"TEX",1,35,4.73009632671498,4.1450536762915,0.568884746597265,1
"ARI",2026,2026-09-12,"TEX",1,36,4.73009632671498,4.13937626019843,0.568884746597265,1
"ARI",2026,2026-09-13,"TEX",1,37,4.73009632671498,4.12703603470526,0.568884746597265,1
"ARI",2026,2026-09-14,"MIA",1,38,4.63652661922333,4.21620449742282,0.537317344094959,1
"ARI",2026,2026-09-15,"MIA",1,39,4.63652661922333,4.21620449742282,0.537317344094959,1
"ARI",2026,2026-09-16,"MIA",1,40,4.63652661922333,4.21620449742282,0.537317344094959,1
"ARI",2026,2026-09-18,"NYY",1,41,3.83366034965269,4.38136587015043,0.458199013909808,0
"ARI",2026,2026-09-19,"NYY",1,42,3.81801777494353,4.38136587015043,0.458199013909808,0
"ARI",2026,2026-09-20,"NYY",1,43,3.81801777494353,4.36228689201314,0.458199013909808,0
"ARI",2026,2026-09-22,"COL",0,44,5.54097989195339,4.29786946543994,0.60800767559216,1
"ARI",2026,2026-09-23,"COL",0,45,5.54097989195339,4.29786946543994,0.60800767559216,1
"ARI",2026,2026-09-24,"COL",0,46,5.5307577825805,4.29786946543994,0.60800767559216,1
"ARI",2026,2026-09-25,"SDP",0,47,4.53606397372158,4.22717326193572,0.51687929290261,1
"ARI",2026,2026-09-26,"SDP",0,48,4.53606397372158,4.22717326193572,0.51687929290261,1
"ARI",2026,2026-09-27,"SDP",0,49,4.51469586567601,4.22717326193572,0.51687929290261,1
"ARI",2026,2026-09-28,"SDP",1,50,4.51469586567601,4.22717326193572,0.51687929290261,1
"ATL",2026,2026-08-04,"MIA",1,1,4.8113649269374,4.02128072288601,0.576407470472133,1
"ATL",2026,2026-08-05,"MIA",1,2,4.8113649269374,4.02128072288601,0.576407470472133,1
"ATL",2026,2026-08-06,"MIA",1,3,4.8113649269374,4.02128072288601,0.576407470472133,1
"ATL",2026,2026-08-07,"NYY",0,4,3.95274325437857,4.25756739468602,0.502709992536909,1
"ATL",2026,2026-08-08,"NYY",0,5,3.99729254872673,4.25756739468602,0.502709992536909,1
"ATL",2026,2026-08-09,"NYY",0,6,3.99729254872673,4.25756739468602,0.502709992536909,1
"ATL",2026,2026-08-10,"NYM",1,7,5.06945256511219,3.87827516625147,0.613751351192616,1
"ATL",2026,2026-08-11,"NYM",1,8,5.07117582915579,3.87827516625147,0.613751351192616,1
"ATL",2026,2026-08-12,"NYM",1,9,5.07117582915579,3.87827516625147,0.613751351192616,1
"ATL",2026,2026-08-14,"ARI",1,10,4.50016262843916,4.11420737536768,0.542911386503807,1
"ATL",2026,2026-08-15,"ARI",1,11,4.50016262843916,4.11420737536768,0.542911386503807,1
"ATL",2026,2026-08-16,"ARI",1,12,4.50255833860995,4.11420737536768,0.542911386503807,1
"ATL",2026,2026-08-17,"MIN",0,13,5.26007753628683,4.19213889775758,0.623470930999839,1
"ATL",2026,2026-08-18,"MIN",0,14,5.26007753628683,4.19213889775758,0.623470930999839,1
"ATL",2026,2026-08-19,"MIN",0,15,5.25674792941352,4.19213889775758,0.623470930999839,1
"ATL",2026,2026-08-20,"CHW",0,16,4.7639641846481,4.41903104038079,0.553608353274058,1
"ATL",2026,2026-08-21,"MIL",0,17,4.19546464764633,4.5066644853827,0.47031779026981,0
"ATL",2026,2026-08-22,"MIL",0,18,4.19546464764633,4.5066644853827,0.47031779026981,0
"ATL",2026,2026-08-23,"MIL",0,19,4.19546464764633,4.5066644853827,0.47031779026981,0
"ATL",2026,2026-08-25,"LAD",1,20,4.17561225203545,4.52865653198503,0.486188628348398,0
"ATL",2026,2026-08-26,"LAD",1,21,4.17561225203545,4.52865653198503,0.486188628348398,0
"ATL",2026,2026-08-27,"LAD",1,22,4.17561225203545,4.52865653198503,0.486188628348398,0
"ATL",2026,2026-08-28,"COL",1,23,5.80549747105934,4.16781302720958,0.627229011960427,1
"ATL",2026,2026-08-29,"COL",1,24,5.80549747105934,4.16781302720958,0.627229011960427,1
"ATL",2026,2026-08-30,"COL",1,25,5.80549747105934,4.16781302720958,0.627229011960427,1
"ATL",2026,2026-08-31,"SFG",1,26,4.89166388299105,3.97006651823802,0.628852382439442,1
"ATL",2026,2026-09-01,"WSN",0,27,5.47030600568172,4.40293121764385,0.592074696848949,1
"ATL",2026,2026-09-02,"WSN",0,28,5.47030600568172,4.40293121764385,0.592074696848949,1
"ATL",2026,2026-09-04,"PHI",0,29,4.5305231029359,4.01007946120338,0.542253374030207,1
"ATL",2026,2026-09-05,"PHI",0,30,4.52147998730182,4.01007946120338,0.542253374030207,1
"ATL",2026,2026-09-06,"PHI",0,31,4.52147998730182,4.01007946120338,0.542253374030207,1
"ATL",2026,2026-09-07,"PHI",0,32,4.51305642077012,4.00508529131968,0.542253374030207,1
"ATL",2026,2026-09-08,"TBR",1,33,4.21411244660553,4.08488910274094,0.530753476049424,1
"ATL",2026,2026-09-09,"TBR",1,34,4.21411244660553,4.08488910274094,0.530753476049424,1
"ATL",2026,2026-09-10,"TBR",1,35,4.21071995005597,4.05980683994606,0.530753476049424,1
"ATL",2026,2026-09-11,"PHI",1,36,4.50966392422055,3.97432561243174,0.542253374030207,1
"ATL",2026,2026-09-12,"PHI",1,37,4.50966392422055,3.97601146752943,0.542253374030207,1
"ATL",2026,2026-09-13,"PHI",1,38,4.50388980721605,3.97601146752943,0.542253374030207,1
"ATL",2026,2026-09-14,"CHC",0,39,4.31589043773985,4.59621421217716,0.505435255016938,1
"ATL",2026,2026-09-15,"CHC",0,40,4.31589043773985,4.59621421217716,0.505435255016938,1
"ATL",2026,2026-09-16,"CHC",0,41,4.33259317580766,4.59621421217716,0.505435255016938,1
"ATL",2026,2026-09-18,"HOU",0,42,4.82786877900037,4.22979532106,0.598012900680766,1
"ATL",2026,2026-09-19,"HOU",0,43,4.82786877900037,4.21071634292271,0.598012900680766,1
"ATL",2026,2026-09-20,"HOU",0,44,4.81751768239538,4.21071634292271,0.598012900680766,1
"ATL",2026,2026-09-22,"CIN",1,45,5.11617804847874,3.8954384144261,0.616874329523121,1
"ATL",2026,2026-09-23,"CIN",1,46,5.09530308842487,3.8954384144261,0.616874329523121,1
"ATL",2026,2026-09-24,"CIN",1,47,5.09530308842487,3.8954384144261,0.616874329523121,1
"ATL",2026,2026-09-25,"MIA",0,48,4.77117009559595,4.00479440963552,0.576407470472133,1
"ATL",2026,2026-09-26,"MIA",0,49,4.74980198755038,4.00479440963552,0.576407470472133,1
"ATL",2026,2026-09-27,"MIA",0,50,4.74980198755038,4.00479440963552,0.576407470472133,1
"BAL",2026,2026-08-04,"LAA",1,1,4.91503691068787,4.43118196260977,0.551297712034934,1
"BAL",2026,2026-08-05,"LAA",1,2,4.91503691068787,4.43118196260977,0.551297712034934,1
"BAL",2026,2026-08-06,"LAA",1,3,4.91503691068787,4.43118196260977,0.551297712034934,1
"BAL",2026,2026-08-07,"TEX",0,4,4.61701759653174,4.4697169261431,0.507211899086477,1
"BAL",2026,2026-08-08,"TEX",0,5,4.61555088876346,4.4697169261431,0.507211899086477,1
"BAL",2026,2026-08-09,"TEX",0,6,4.61555088876346,4.4697169261431,0.507211899086477,1
"BAL",2026,2026-08-10,"MIN",0,7,5.01642824225972,4.66781569117569,0.539129389804514,1
"BAL",2026,2026-08-11,"MIN",0,8,5.01815150630332,4.66781569117569,0.539129389804514,1
"BAL",2026,2026-08-12,"MIN",0,9,5.01815150630332,4.66781569117569,0.539129389804514,1
"BAL",2026,2026-08-14,"TBR",0,10,3.9486625643527,4.5531174349348,0.427346132885453,0
"BAL",2026,2026-08-15,"TBR",0,11,3.9486625643527,4.5531174349348,0.427346132885453,0
"BAL",2026,2026-08-16,"TBR",0,12,3.95105827452349,4.5531174349348,0.427346132885453,0
"BAL",2026,2026-08-17,"TBR",0,13,3.95105827452349,4.55119293769034,0.427346132885453,0
"BAL",2026,2026-08-18,"NYY",1,14,3.7576563101631,4.70424452926221,0.396746277535936,0
"BAL",2026,2026-08-19,"NYY",1,15,3.76029231121659,4.70424452926221,0.396746277535936,0
"BAL",2026,2026-08-20,"NYY",1,16,3.76173575178836,4.70424452926221,0.396746277535936,0
"BAL",2026,2026-08-21,"TBR",1,17,3.95513771614875,4.55119293769034,0.427346132885453,0
"BAL",2026,2026-08-22,"TBR",1,18,3.95513771614875,4.55119293769034,0.427346132885453,0
"BAL",2026,2026-08-23,"TBR",1,19,3.95513771614875,4.55119293769034,0.427346132885453,0
"BAL",2026,2026-08-25,"STL",0,20,4.66865834542189,4.43773220057864,0.49004202794536,0
"BAL",2026,2026-08-26,"STL",0,21,4.66865834542189,4.43773220057864,0.49004202794536,0
"BAL",2026,2026-08-27,"STL",0,22,4.66865834542189,4.43773220057864,0.49004202794536,0
"BAL",2026,2026-08-28,"OAK",0,23,5.13641989014769,4.48255950460674,0.552871415669376,1
"BAL",2026,2026-08-29,"OAK",0,24,5.13641989014769,4.48255950460674,0.552871415669376,1
"BAL",2026,2026-08-30,"OAK",0,25,5.13641989014769,4.48255950460674,0.552871415669376,1
"BAL",2026,2026-08-31,"COL",0,26,5.26078208599744,4.63451773945789,0.54068430337531,1
"BAL",2026,2026-09-01,"COL",0,27,5.26078208599744,4.62717163006667,0.54068430337531,1
"BAL",2026,2026-09-02,"COL",0,28,5.26078208599744,4.62717163006667,0.54068430337531,1
"BAL",2026,2026-09-03,"BOS",1,29,4.15589333340003,4.62720959653915,0.411808955417067,0
"BAL",2026,2026-09-04,"BOS",1,30,4.15568117614914,4.62720959653915,0.411808955417067,0
"BAL",2026,2026-09-05,"BOS",1,31,4.15568117614914,4.62720959653915,0.411808955417067,0
"BAL",2026,2026-09-06,"BOS",1,32,4.14725760961744,4.61948227181802,0.411808955417067,0
"BAL",2026,2026-09-07,"CLE",1,33,3.8905116792298,4.429447724154,0.458751691402309,0
"BAL",2026,2026-09-08,"CLE",1,34,3.8905116792298,4.429447724154,0.458751691402309,0
"BAL",2026,2026-09-09,"CLE",1,35,3.88719516802753,4.41613806001429,0.458751691402309,0
"BAL",2026,2026-09-11,"TOR",0,36,4.45137788229453,4.32207186717387,0.526623769420492,1
"BAL",2026,2026-09-12,"TOR",0,37,4.45137788229453,4.3097316416807,0.526623769420492,1
"BAL",2026,2026-09-13,"TOR",0,38,4.4488189537664,4.3097316416807,0.526623769420492,1
"BAL",2026,2026-09-14,"NYM",0,39,4.76450036608307,4.39327312566467,0.519305565240942,1
"BAL",2026,2026-09-15,"NYM",0,40,4.76450036608307,4.39327312566467,0.519305565240942,1
"BAL",2026,2026-09-16,"NYM",0,41,4.75532128334247,4.39327312566467,0.519305565240942,1
"BAL",2026,2026-09-18,"MIL",1,42,3.89858704143342,4.85533766948425,0.376272357788973,0
"BAL",2026,2026-09-19,"MIL",1,43,3.89858704143342,4.85457925098634,0.376272357788973,0
"BAL",2026,2026-09-20,"MIL",1,44,3.89511115088388,4.85457925098634,0.376272357788973,0
"BAL",2026,2026-09-21,"TOR",1,45,4.4205214057671,4.30001121369494,0.526623769420492,1
"BAL",2026,2026-09-22,"TOR",1,46,4.39964644571322,4.30001121369494,0.526623769420492,1
"BAL",2026,2026-09-23,"TOR",1,47,4.39964644571322,4.30001121369494,0.526623769420492,1
"BAL",2026,2026-09-25,"NYY",0,48,3.68851822175661,4.63171862964376,0.396746277535936,0
"BAL",2026,2026-09-26,"NYY",0,49,3.682462718053,4.63171862964376,0.396746277535936,0
"BAL",2026,2026-09-27,"NYY",0,50,3.682462718053,4.63171862964376,0.396746277535936,0
"BOS",2026,2026-08-04,"CHW",1,1,4.56089407886416,4.27468801340762,0.534360599104279,1
"BOS",2026,2026-08-05,"CHW",1,2,4.56089407886416,4.27468801340762,0.534360599104279,1
"BOS",2026,2026-08-06,"CHW",1,3,4.56089407886416,4.27468801340762,0.534360599104279,1
"BOS",2026,2026-08-07,"OAK",1,4,5.29584978692864,3.89303905868612,0.634269603992104,1
"BOS",2026,2026-08-08,"OAK",1,5,5.30250417305835,3.89303905868612,0.634269603992104,1
"BOS",2026,2026-08-09,"OAK",1,6,5.30250417305835,3.89303905868612,0.634269603992104,1
"BOS",2026,2026-08-10,"TOR",0,7,4.67071601998008,3.78483944492794,0.613512602765408,1
"BOS",2026,2026-08-11,"TOR",0,8,4.67243928402368,3.78483944492794,0.613512602765408,1
"BOS",2026,2026-08-12,"TOR",0,9,4.67243928402368,3.78483944492794,0.613512602765408,1
"BOS",2026,2026-08-13,"TOR",0,10,4.67243928402368,3.78483944492794,0.613512602765408,1
"BOS",2026,2026-08-14,"PIT",0,11,4.75455114382717,4.22973573114697,0.588548608561832,1
"BOS",2026,2026-08-15,"PIT",0,12,4.75694685399796,4.22973573114697,0.588548608561832,1
"BOS",2026,2026-08-16,"PIT",0,13,4.75694685399796,4.22781123390251,0.588548608561832,1
"BOS",2026,2026-08-17,"ARI",1,14,4.34341597584218,4.03838150284706,0.522775500924333,1
"BOS",2026,2026-08-18,"ARI",1,15,4.34605197689567,4.03838150284706,0.522775500924333,1
"BOS",2026,2026-08-19,"ARI",1,16,4.34749541746744,4.03838150284706,0.522775500924333,1
"BOS",2026,2026-08-21,"SFG",1,17,4.68876957101898,3.87625589937337,0.620357429590626,1
"BOS",2026,2026-08-22,"SFG",1,18,4.68876957101898,3.87625589937337,0.620357429590626,1
"BOS",2026,2026-08-23,"SFG",1,19,4.68876957101898,3.87625589937337,0.620357429590626,1
"BOS",2026,2026-08-24,"MIA",0,20,4.666519197569,3.93403558200024,0.558681527687153,1
"BOS",2026,2026-08-25,"MIA",0,21,4.666519197569,3.93403558200024,0.558681527687153,1
"BOS",2026,2026-08-26,"MIA",0,22,4.666519197569,3.93403558200024,0.558681527687153,1
"BOS",2026,2026-08-28,"NYY",0,23,3.8573472831602,4.13160033752178,0.482129683257302,0
"BOS",2026,2026-08-29,"NYY",0,24,3.8573472831602,4.13160033752178,0.482129683257302,0
"BOS",2026,2026-08-29,"NYY",0,25,3.8573472831602,4.13160033752178,0.482129683257302,0
"BOS",2026,2026-08-30,"NYY",0,26,3.8573472831602,4.13160033752178,0.482129683257302,0
"BOS",2026,2026-08-31,"SEA",1,27,4.26782839493607,3.83742844583246,0.579626953098087,1
"BOS",2026,2026-09-01,"SEA",1,28,4.26782839493607,3.83742844583246,0.579626953098087,1
"BOS",2026,2026-09-02,"SEA",1,29,4.26644971373001,3.83742844583246,0.579626953098087,1
"BOS",2026,2026-09-03,"BAL",0,30,4.72582087108694,3.91295684082924,0.580047574160154,1
"BOS",2026,2026-09-04,"BAL",0,31,4.72582087108694,3.91295684082924,0.580047574160154,1
"BOS",2026,2026-09-05,"BAL",0,32,4.71739730455524,3.90796267094554,0.580047574160154,1
"BOS",2026,2026-09-06,"BAL",0,33,4.71739730455524,3.90796267094554,0.580047574160154,1
"BOS",2026,2026-09-07,"LAA",1,34,4.90065880799876,3.82791432932873,0.636966492821595,1
"BOS",2026,2026-09-08,"LAA",1,35,4.8972663114492,3.81460466518903,0.636966492821595,1
"BOS",2026,2026-09-09,"LAA",1,36,4.8972663114492,3.80892724909596,0.636966492821595,1
"BOS",2026,2026-09-11,"KCR",1,37,5.22516793405338,3.8423520958366,0.632694234583821,1
"BOS",2026,2026-09-12,"KCR",1,38,5.21939381704887,3.8423520958366,0.632694234583821,1
"BOS",2026,2026-09-13,"KCR",1,39,5.21939381704887,3.8423520958366,0.632694234583821,1
"BOS",2026,2026-09-15,"TEX",0,40,4.72108105070327,3.82696454558897,0.591869720330158,1
"BOS",2026,2026-09-16,"TEX",0,41,4.67737779123607,3.82696454558897,0.591869720330158,1
"BOS",2026,2026-09-17,"TEX",0,42,4.65559677334685,3.82696454558897,0.591869720330158,1
"BOS",2026,2026-09-18,"TBR",0,43,4.00525313444079,3.93397413309459,0.51029283323731,1
"BOS",2026,2026-09-19,"TBR",0,44,4.00324236573201,3.93397413309459,0.51029283323731,1
"BOS",2026,2026-09-20,"TBR",0,45,4.00324236573201,3.93397413309459,0.51029283323731,1
"BOS",2026,2026-09-22,"CLE",1,46,3.88449146963971,3.82440218810437,0.546995832958854,1
"BOS",2026,2026-09-23,"CLE",1,47,3.88449146963971,3.82440218810437,0.546995832958854,1
"BOS",2026,2026-09-24,"CLE",1,48,3.88449146963971,3.82440218810437,0.546995832958854,1
"BOS",2026,2026-09-25,"CHC",1,49,4.09552329366314,4.48559381536759,0.479700161831778,0
"BOS",2026,2026-09-26,"CHC",1,50,4.09552329366314,4.48559381536759,0.479700161831778,0
"BOS",2026,2026-09-27,"CHC",1,51,4.09552329366314,4.48559381536759,0.479700161831778,0
"CHC",2026,2026-08-04,"LAD",1,1,4.41600823389803,4.32301893315144,0.486716493709558,0
"CHC",2026,2026-08-05,"LAD",1,2,4.41600823389803,4.32301893315144,0.486716493709558,0
"CHC",2026,2026-08-06,"TOR",1,3,5.01534912694046,3.82322051823787,0.624453804731534,1
"CHC",2026,2026-08-07,"KCR",0,4,5.80448536716147,3.90539018174238,0.650477230817439,1
"CHC",2026,2026-08-08,"KCR",0,5,5.77685228408039,3.90539018174238,0.650477230817439,1
"CHC",2026,2026-08-09,"KCR",0,6,5.77685228408039,3.90539018174238,0.650477230817439,1
"CHC",2026,2026-08-11,"WSN",0,7,5.87241042876853,4.189053200141,0.60429655126037,1
"CHC",2026,2026-08-12,"WSN",0,8,5.86465298972285,4.189053200141,0.60429655126037,1
"CHC",2026,2026-08-13,"WSN",0,9,5.86465298972285,4.189053200141,0.60429655126037,1
"CHC",2026,2026-08-14,"STL",1,10,5.22720712598881,3.8598890036981,0.585368019244007,1
"CHC",2026,2026-08-15,"STL",1,11,5.22720712598881,3.8598890036981,0.585368019244007,1
"CHC",2026,2026-08-16,"STL",1,12,5.2296028361596,3.8598890036981,0.585368019244007,1
"CHC",2026,2026-08-17,"CHW",1,13,5.11397246498345,4.30131820353943,0.552677541991403,1
"CHC",2026,2026-08-18,"CHW",1,14,5.11397246498345,4.30131820353943,0.552677541991403,1
"CHC",2026,2026-08-19,"CHW",1,15,5.11190795831118,4.30131820353943,0.552677541991403,1
"CHC",2026,2026-08-21,"SEA",0,16,4.62124969624569,3.84263405257877,0.594029067338999,1
"CHC",2026,2026-08-22,"SEA",0,17,4.62124969624569,3.84263405257877,0.594029067338999,1
"CHC",2026,2026-08-23,"SEA",0,18,4.62124969624569,3.84263405257877,0.594029067338999,1
"CHC",2026,2026-08-24,"ARI",0,19,4.73375244089123,4.03675295152038,0.541247434207918,1
"CHC",2026,2026-08-25,"ARI",0,20,4.73029497754384,4.03675295152038,0.541247434207918,1
"CHC",2026,2026-08-26,"ARI",0,21,4.73029497754384,4.03675295152038,0.541247434207918,1
"CHC",2026,2026-08-28,"CIN",1,22,5.41952716634174,3.90393655574469,0.623822336523759,1
"CHC",2026,2026-08-29,"CIN",1,23,5.41952716634174,3.90393655574469,0.623822336523759,1
"CHC",2026,2026-08-30,"CIN",1,24,5.41952716634174,3.90393655574469,0.623822336523759,1
"CHC",2026,2026-08-31,"MIL",1,25,4.47296142573145,4.35010454438027,0.466771967114635,0
"CHC",2026,2026-09-01,"MIL",1,26,4.47296142573145,4.35010454438027,0.466771967114635,0
"CHC",2026,2026-09-02,"MIL",1,27,4.47296142573145,4.35078497520046,0.466771967114635,0
"CHC",2026,2026-09-03,"MIL",1,28,4.47296142573145,4.35078497520046,0.466771967114635,0
"CHC",2026,2026-09-04,"MIA",0,29,5.19769822341735,3.93556847599146,0.576046721474878,1
"CHC",2026,2026-09-05,"MIA",0,30,5.19457064769192,3.93556847599146,0.576046721474878,1
"CHC",2026,2026-09-06,"MIA",0,31,5.19457064769192,3.93556847599146,0.576046721474878,1
"CHC",2026,2026-09-07,"MIL",0,32,4.45966626704556,4.34305765047932,0.466771967114635,0
"CHC",2026,2026-09-08,"MIL",0,33,4.45966626704556,4.34305765047932,0.466771967114635,0
"CHC",2026,2026-09-09,"MIL",0,34,4.45966626704556,4.34305765047932,0.466771967114635,0
"CHC",2026,2026-09-11,"PIT",1,35,5.30820566852111,4.19395361970282,0.613961949456855,1
"CHC",2026,2026-09-12,"PIT",1,36,5.30820566852111,4.18827620360976,0.613961949456855,1
"CHC",2026,2026-09-13,"PIT",1,37,5.30820566852111,4.18996205870746,0.613961949456855,1
"CHC",2026,2026-09-14,"ATL",1,38,4.60379094997744,4.31546669812855,0.489607333625142,0
"CHC",2026,2026-09-15,"ATL",1,39,4.60379094997744,4.31546669812855,0.489607333625142,0
"CHC",2026,2026-09-16,"ATL",1,40,4.60379094997744,4.31546669812855,0.489607333625142,0
"CHC",2026,2026-09-18,"CIN",0,41,5.38692112750434,3.87958843670868,0.623822336523759,1
"CHC",2026,2026-09-19,"CIN",0,42,5.37889842117972,3.87958843670868,0.623822336523759,1
"CHC",2026,2026-09-20,"CIN",0,43,5.37889842117972,3.86986800872292,0.623822336523759,1
"CHC",2026,2026-09-22,"MIA",1,44,5.18124651217737,3.90081949814949,0.576046721474878,1
"CHC",2026,2026-09-23,"MIA",1,45,5.18124651217737,3.90081949814949,0.576046721474878,1
"CHC",2026,2026-09-24,"MIA",1,46,5.18111463412162,3.90081949814949,0.576046721474878,1
"CHC",2026,2026-09-25,"BOS",0,47,4.65427707275616,4.05285119057442,0.51985491314808,1
"CHC",2026,2026-09-26,"BOS",0,48,4.65427707275616,4.05285119057442,0.51985491314808,1
"CHC",2026,2026-09-27,"BOS",0,49,4.64340726163525,4.05285119057442,0.51985491314808,1
"CHC",2026,2026-09-28,"LAD",1,50,4.37696977559104,4.29121440229836,0.486716493709558,0
"CHW",2026,2026-08-04,"BOS",0,1,4.38556154499356,4.45008264257651,0.490309137253189,0
"CHW",2026,2026-08-05,"BOS",0,2,4.38556154499356,4.45008264257651,0.490309137253189,0
"CHW",2026,2026-08-06,"BOS",0,3,4.38556154499356,4.45008264257651,0.490309137253189,0
"CHW",2026,2026-08-07,"CLE",1,4,4.11410218173708,4.17611393243902,0.531709551347135,1
"CHW",2026,2026-08-08,"CLE",1,5,4.1126354739688,4.17611393243902,0.531709551347135,1
"CHW",2026,2026-08-09,"CLE",1,6,4.1126354739688,4.17611393243902,0.531709551347135,1
"CHW",2026,2026-08-11,"CIN",1,7,5.1615462745346,4.20258915523157,0.59788541177664,1
"CHW",2026,2026-08-12,"CIN",1,8,5.1632695385782,4.20258915523157,0.59788541177664,1
"CHW",2026,2026-08-13,"CIN",1,9,5.1632695385782,4.20258915523157,0.59788541177664,1
"CHW",2026,2026-08-14,"DET",0,10,4.52610887186167,4.55831734890173,0.533024501578837,1
"CHW",2026,2026-08-15,"DET",0,11,4.52610887186167,4.55831734890173,0.533024501578837,1
"CHW",2026,2026-08-16,"DET",0,12,4.52850458203246,4.55831734890173,0.533024501578837,1
"CHW",2026,2026-08-17,"CHC",0,13,4.34490316050613,4.90139521553165,0.471356323266369,0
"CHW",2026,2026-08-18,"CHC",0,14,4.34490316050613,4.90139521553165,0.471356323266369,0
"CHW",2026,2026-08-19,"CHC",0,15,4.34753916155962,4.90139521553165,0.471356323266369,0
"CHW",2026,2026-08-20,"ATL",1,16,4.3518579200148,4.7905697200073,0.458873263401403,0
"CHW",2026,2026-08-21,"NYM",1,17,5.05535445654422,4.17530575469754,0.587183668150029,1
"CHW",2026,2026-08-22,"NYM",1,18,5.05535445654422,4.17530575469754,0.587183668150029,1
"CHW",2026,2026-08-23,"NYM",1,19,5.05535445654422,4.17530575469754,0.587183668150029,1
"CHW",2026,2026-08-24,"TEX",1,20,4.90311532687223,4.20471027719782,0.583256135233303,1
"CHW",2026,2026-08-25,"TEX",1,21,4.90311532687223,4.20471027719782,0.583256135233303,1
"CHW",2026,2026-08-26,"TEX",1,22,4.90311532687223,4.20471027719782,0.583256135233303,1
"CHW",2026,2026-08-28,"MIN",0,23,5.24348723801718,4.48424852441165,0.604063833092938,1
"CHW",2026,2026-08-29,"MIN",0,24,5.24348723801718,4.48424852441165,0.604063833092938,1
"CHW",2026,2026-08-30,"MIN",0,25,5.24348723801718,4.48424852441165,0.604063833092938,1
"CHW",2026,2026-08-31,"HOU",0,26,4.92236235985261,4.52155587608108,0.575361673622718,1
"CHW",2026,2026-09-01,"HOU",0,27,4.92236235985261,4.49775011495469,0.575361673622718,1
"CHW",2026,2026-09-02,"HOU",0,28,4.92236235985261,4.49775011495469,0.575361673622718,1
"CHW",2026,2026-09-03,"HOU",0,29,4.91333908639878,4.49775011495469,0.575361673622718,1
"CHW",2026,2026-09-04,"MIN",1,30,5.23898098108569,4.46044276328526,0.604063833092938,1
"CHW",2026,2026-09-05,"MIN",1,31,5.23898098108569,4.46044276328526,0.604063833092938,1
"CHW",2026,2026-09-06,"MIN",1,32,5.23055741455399,4.45271543856412,0.604063833092938,1
"CHW",2026,2026-09-08,"PIT",1,33,4.94222871681709,4.55739421513547,0.580954158223059,1
"CHW",2026,2026-09-09,"PIT",1,34,4.94222871681709,4.55739421513547,0.580954158223059,1
"CHW",2026,2026-09-10,"PIT",1,35,4.93883622026752,4.54408455099577,0.580954158223059,1
"CHW",2026,2026-09-11,"STL",0,36,4.87210923261716,4.17716224957758,0.562828689151612,1
"CHW",2026,2026-09-12,"STL",0,37,4.87210923261716,4.16482202408441,0.562828689151612,1
"CHW",2026,2026-09-13,"STL",0,38,4.86633511561265,4.16482202408441,0.562828689151612,1
"CHW",2026,2026-09-14,"CLE",0,39,4.0822575807995,4.16436141040116,0.531709551347135,1
"CHW",2026,2026-09-15,"CLE",0,40,4.0822575807995,4.16436141040116,0.531709551347135,1
"CHW",2026,2026-09-16,"CLE",0,41,4.07392659297065,4.16436141040116,0.531709551347135,1
"CHW",2026,2026-09-17,"DET",1,42,4.52012722787392,4.4935324600838,0.533024501578837,1
"CHW",2026,2026-09-18,"DET",1,43,4.52012722787392,4.47445348194651,0.533024501578837,1
"CHW",2026,2026-09-19,"DET",1,44,4.51665133732438,4.47445348194651,0.533024501578837,1
"CHW",2026,2026-09-20,"DET",1,45,4.51665133732438,4.47445348194651,0.533024501578837,1
"CHW",2026,2026-09-22,"KCR",0,46,5.31121959736115,4.16265622948236,0.619471497613375,1
"CHW",2026,2026-09-23,"KCR",0,47,5.31121959736115,4.16265622948236,0.619471497613375,1
"CHW",2026,2026-09-24,"KCR",0,48,5.31121959736115,4.16265622948236,0.619471497613375,1
"CHW",2026,2026-09-25,"COL",1,49,5.63727313541779,4.34225850054342,0.609361488064731,1
"CHW",2026,2026-09-26,"COL",1,50,5.63727313541779,4.34225850054342,0.609361488064731,1
"CHW",2026,2026-09-27,"COL",1,51,5.63727313541779,4.34225850054342,0.609361488064731,1
"CIN",2026,2026-08-04,"OAK",1,1,4.80819845742431,4.63057295816049,0.521105623173829,1
"CIN",2026,2026-08-05,"OAK",1,2,4.80819845742431,4.63057295816049,0.521105623173829,1
"CIN",2026,2026-08-06,"OAK",1,3,4.80819845742431,4.63057295816049,0.521105623173829,1
"CIN",2026,2026-08-07,"WSN",0,4,4.90550517276351,5.05575712889098,0.458643392661973,0
"CIN",2026,2026-08-08,"WSN",0,5,4.91215955889322,5.05575712889098,0.458643392661973,0
"CIN",2026,2026-08-09,"WSN",0,6,4.91215955889322,5.05575712889098,0.458643392661973,0
"CIN",2026,2026-08-11,"CHW",0,7,4.31991113576737,5.07472945501552,0.42096729641892,0
"CIN",2026,2026-08-12,"CHW",0,8,4.32163439981097,5.07472945501552,0.42096729641892,0
"CIN",2026,2026-08-13,"CHW",0,9,4.32163439981097,5.07472945501552,0.42096729641892,0
"CIN",2026,2026-08-14,"MIA",1,10,4.33582069706277,4.71385015265609,0.437379520391126,0
"CIN",2026,2026-08-15,"MIA",1,11,4.33582069706277,4.71385015265609,0.437379520391126,0
"CIN",2026,2026-08-16,"MIA",1,12,4.31478077645203,4.71385015265609,0.437379520391126,0
"CIN",2026,2026-08-17,"STL",1,13,4.43324576036676,4.59040139136511,0.462404708086129,0
"CIN",2026,2026-08-17,"STL",1,14,4.43324576036676,4.59040139136511,0.462404708086129,0
"CIN",2026,2026-08-18,"STL",1,15,4.43588176142025,4.59040139136511,0.462404708086129,0
"CIN",2026,2026-08-19,"STL",1,16,4.43732520199202,4.59040139136511,0.462404708086129,0
"CIN",2026,2026-08-20,"STL",1,17,4.43732520199202,4.59040139136511,0.462404708086129,0
"CIN",2026,2026-08-21,"ARI",0,18,4.10968105488906,4.84605927640835,0.409932476517167,0
"CIN",2026,2026-08-22,"ARI",0,19,4.10968105488906,4.84605927640835,0.409932476517167,0
"CIN",2026,2026-08-23,"ARI",0,20,4.11064066437933,4.84605927640835,0.409932476517167,0
"CIN",2026,2026-08-24,"SFG",0,21,4.42549233941268,4.64567047370843,0.513765408674631,1
"CIN",2026,2026-08-25,"SFG",0,22,4.42549233941268,4.64567047370843,0.513765408674631,1
"CIN",2026,2026-08-26,"SFG",0,23,4.42549233941268,4.64567047370843,0.513765408674631,1
"CIN",2026,2026-08-28,"CHC",0,24,3.94492206833728,5.31910048868165,0.383974927878544,0
"CIN",2026,2026-08-29,"CHC",0,25,3.94492206833728,5.31910048868165,0.383974927878544,0
"CIN",2026,2026-08-30,"CHC",0,26,3.94492206833728,5.31910048868165,0.383974927878544,0
"CIN",2026,2026-08-31,"SDP",1,27,4.27321129959842,4.65790615545179,0.425568144379387,0
"CIN",2026,2026-09-01,"SDP",1,28,4.27321129959842,4.65790615545179,0.425568144379387,0
"CIN",2026,2026-09-02,"SDP",1,29,4.27183261839236,4.65790615545179,0.425568144379387,0
"CIN",2026,2026-09-04,"MIL",1,30,3.781662482008,5.19768609345036,0.363467568942596,0
"CIN",2026,2026-09-05,"MIL",1,31,3.781662482008,5.19768609345036,0.363467568942596,0
"CIN",2026,2026-09-06,"MIL",1,32,3.77878912016225,5.18995876872922,0.363467568942596,0
"CIN",2026,2026-09-07,"LAD",0,33,3.70002064131729,5.1459769261783,0.375326539285752,0
"CIN",2026,2026-09-08,"LAD",0,34,3.70002064131729,5.1459769261783,0.375326539285752,0
"CIN",2026,2026-09-09,"LAD",0,35,3.69212012063993,5.12089466338342,0.375326539285752,0
"CIN",2026,2026-09-11,"MIL",0,36,3.7708885994849,5.15534267561755,0.363467568942596,0
"CIN",2026,2026-09-12,"MIL",0,37,3.7708885994849,5.14300245012438,0.363467568942596,0
"CIN",2026,2026-09-13,"MIL",0,38,3.76511448248039,5.14300245012438,0.363467568942596,0
"CIN",2026,2026-09-14,"LAD",1,39,3.67684046427664,5.09583084015432,0.375326539285752,0
"CIN",2026,2026-09-15,"LAD",1,40,3.67684046427664,5.09583084015432,0.375326539285752,0
"CIN",2026,2026-09-16,"LAD",1,41,3.67006702483164,5.09583084015432,0.375326539285752,0
"CIN",2026,2026-09-17,"LAD",1,42,3.66204431850703,5.09583084015432,0.375326539285752,0
"CIN",2026,2026-09-18,"CHC",1,43,3.886881104995,5.25631231746655,0.383974927878544,0
"CIN",2026,2026-09-19,"CHC",1,44,3.88340521444546,5.25631231746655,0.383974927878544,0
"CIN",2026,2026-09-20,"CHC",1,45,3.88340521444546,5.25631231746655,0.383974927878544,0
"CIN",2026,2026-09-22,"ATL",0,46,3.83608267644213,5.05918045777452,0.377721342914059,0
"CIN",2026,2026-09-23,"ATL",0,47,3.83608267644213,5.05918045777452,0.377721342914059,0
"CIN",2026,2026-09-24,"ATL",0,48,3.83608267644213,5.05918045777452,0.377721342914059,0
"CIN",2026,2026-09-25,"TOR",0,49,4.16414927997894,4.44090780582623,0.493588610372722,0
"CIN",2026,2026-09-26,"TOR",0,50,4.16414927997894,4.44090780582623,0.493588610372722,0
"CIN",2026,2026-09-27,"TOR",0,51,4.16414927997894,4.44090780582623,0.493588610372722,0
"CLE",2026,2026-08-04,"NYM",1,1,4.51606012785931,3.73165308446433,0.551160605430891,1
"CLE",2026,2026-08-05,"NYM",1,2,4.51606012785931,3.73165308446433,0.551160605430891,1
"CLE",2026,2026-08-06,"NYM",1,3,4.51606012785931,3.73165308446433,0.551160605430891,1
"CLE",2026,2026-08-07,"CHW",0,4,4.30300580827248,4.17063047097599,0.477443742844767,0
"CLE",2026,2026-08-08,"CHW",0,5,4.30575833315124,4.17063047097599,0.477443742844767,0
"CLE",2026,2026-08-09,"CHW",0,6,4.30575833315124,4.17063047097599,0.477443742844767,0
"CLE",2026,2026-08-11,"DET",0,7,4.09177467530735,4.05223779056645,0.488622791723673,0
"CLE",2026,2026-08-12,"DET",0,8,4.09349793935094,4.05223779056645,0.488622791723673,0
"CLE",2026,2026-08-13,"DET",0,9,4.09349793935094,4.05223779056645,0.488622791723673,0
"CLE",2026,2026-08-14,"SDP",1,10,4.25608686907824,3.81119502538375,0.484796026629759,0
"CLE",2026,2026-08-15,"SDP",1,11,4.25608686907824,3.81119502538375,0.484796026629759,0
"CLE",2026,2026-08-16,"SDP",1,12,4.25848257924903,3.81119502538375,0.484796026629759,0
"CLE",2026,2026-08-18,"SFG",1,13,4.3691560252697,3.83020263604941,0.56833411979254,1
"CLE",2026,2026-08-19,"SFG",1,14,4.3691560252697,3.83020263604941,0.56833411979254,1
"CLE",2026,2026-08-20,"SFG",1,15,4.37179202632319,3.83020263604941,0.56833411979254,1
"CLE",2026,2026-08-21,"COL",0,16,5.17800733014102,4.01809861780276,0.563110212583052,1
"CLE",2026,2026-08-22,"COL",0,17,5.17800733014102,4.01809861780276,0.563110212583052,1
"CLE",2026,2026-08-23,"COL",0,18,5.17800733014102,4.01809861780276,0.563110212583052,1
"CLE",2026,2026-08-24,"LAA",0,19,4.51616068716837,3.74784654154656,0.584658713579949,1
"CLE",2026,2026-08-25,"LAA",0,20,4.51712029665864,3.74784654154656,0.584658713579949,1
"CLE",2026,2026-08-26,"LAA",0,21,4.51712029665864,3.74784654154656,0.584658713579949,1
"CLE",2026,2026-08-28,"KCR",1,22,4.98872140823447,3.79282366945044,0.573892156698225,1
"CLE",2026,2026-08-29,"KCR",1,23,4.98872140823447,3.79282366945044,0.573892156698225,1
"CLE",2026,2026-08-30,"KCR",1,24,4.98872140823447,3.79282366945044,0.573892156698225,1
"CLE",2026,2026-09-01,"TOR",1,25,4.28706961044618,3.68569126318122,0.556988208721362,1
"CLE",2026,2026-09-02,"TOR",1,26,4.28706961044618,3.68569126318122,0.556988208721362,1
"CLE",2026,2026-09-03,"TOR",1,27,4.28706961044618,3.67703319599524,0.556988208721362,1
"CLE",2026,2026-09-04,"DET",1,28,4.10093270063726,4.04296718393076,0.488622791723673,0
"CLE",2026,2026-09-04,"DET",1,29,4.09535974030443,4.04296718393076,0.488622791723673,0
"CLE",2026,2026-09-05,"DET",1,30,4.09223216457899,4.04296718393076,0.488622791723673,0
"CLE",2026,2026-09-06,"DET",1,31,4.09223216457899,4.04296718393076,0.488622791723673,0
"CLE",2026,2026-09-07,"BAL",0,32,4.46117942034773,3.87113317399242,0.531229969932722,1
"CLE",2026,2026-09-08,"BAL",0,33,4.46117942034773,3.87113317399242,0.531229969932722,1
"CLE",2026,2026-09-09,"BAL",0,34,4.46117942034773,3.87113317399242,0.531229969932722,1
"CLE",2026,2026-09-11,"MIN",0,35,4.68730445645074,3.99228576944663,0.557909237060127,1
"CLE",2026,2026-09-12,"MIN",0,36,4.68730445645074,3.98660835335357,0.557909237060127,1
"CLE",2026,2026-09-13,"MIN",0,37,4.68730445645074,3.98829420845127,0.557909237060127,1
"CLE",2026,2026-09-14,"CHW",1,38,4.27030888048862,4.1326061795094,0.477443742844767,0
"CLE",2026,2026-09-15,"CHW",1,39,4.27030888048862,4.1326061795094,0.477443742844767,0
"CLE",2026,2026-09-16,"CHW",1,40,4.27030888048862,4.1326061795094,0.477443742844767,0
"CLE",2026,2026-09-18,"OAK",1,41,4.84866664628183,3.78272885695367,0.576712745864765,1
"CLE",2026,2026-09-19,"OAK",1,42,4.83302407157267,3.78272885695367,0.576712745864765,1
"CLE",2026,2026-09-20,"OAK",1,43,4.83302407157267,3.77300842896792,0.576712745864765,1
"CLE",2026,2026-09-22,"BOS",0,44,3.96288663394732,3.94109908142498,0.449041272824572,0
"CLE",2026,2026-09-23,"BOS",0,45,3.96288663394732,3.94109908142498,0.449041272824572,0
"CLE",2026,2026-09-24,"BOS",0,46,3.96840083687278,3.94109908142498,0.449041272824572,0
"CLE",2026,2026-09-25,"KCR",0,47,4.87499284666225,3.74569148944779,0.573892156698225,1
"CLE",2026,2026-09-26,"KCR",0,48,4.87499284666225,3.74569148944779,0.573892156698225,1
"CLE",2026,2026-09-27,"KCR",0,49,4.8358248845355,3.74569148944779,0.573892156698225,1
"COL",2026,2026-08-04,"TBR",1,1,4.04293427748731,5.44349120357287,0.391195174663796,0
"COL",2026,2026-08-05,"TBR",1,2,4.04293427748731,5.44349120357287,0.391195174663796,0
"COL",2026,2026-08-07,"STL",0,3,4.73566905306284,5.25390464239534,0.443215654523917,0
"COL",2026,2026-08-08,"STL",0,4,4.73566905306284,5.25390464239534,0.443215654523917,0
"COL",2026,2026-08-09,"STL",0,5,4.73420234529456,5.25390464239534,0.443215654523917,0
"COL",2026,2026-08-10,"ARI",0,6,4.29018040178345,5.58685152228518,0.385333322920732,0
"COL",2026,2026-08-11,"ARI",0,7,4.29018040178345,5.58685152228518,0.385333322920732,0
"COL",2026,2026-08-12,"ARI",0,8,4.28242296273777,5.58685152228518,0.385333322920732,0
"COL",2026,2026-08-14,"SFG",0,9,4.79813542367181,5.2964568118245,0.492193157121659,0
"COL",2026,2026-08-15,"SFG",0,10,4.79813542367181,5.2964568118245,0.492193157121659,0
"COL",2026,2026-08-16,"SFG",0,11,4.79813542367181,5.2964568118245,0.492193157121659,0
"COL",2026,2026-08-17,"LAD",1,12,3.96293773452263,5.86939895695978,0.355659228535949,0
"COL",2026,2026-08-18,"LAD",1,13,3.96293773452263,5.76046687296416,0.355659228535949,0
"COL",2026,2026-08-19,"LAD",1,14,3.96293773452263,5.76046687296416,0.355659228535949,0
"COL",2026,2026-08-21,"CLE",1,15,3.94516573537601,5.14959264797401,0.415420313666238,0
"COL",2026,2026-08-22,"CLE",1,16,3.94660917594778,5.14959264797401,0.415420313666238,0
"COL",2026,2026-08-23,"CLE",1,17,3.94660917594778,5.14959264797401,0.415420313666238,0
"COL",2026,2026-08-24,"WSN",0,18,5.2236178208756,5.69051357332941,0.453055095170196,0
"COL",2026,2026-08-25,"WSN",0,19,5.2236178208756,5.69051357332941,0.453055095170196,0
"COL",2026,2026-08-26,"WSN",0,20,5.22016035752822,5.69051357332941,0.453055095170196,0
"COL",2026,2026-08-27,"WSN",0,21,5.22016035752822,5.69051357332941,0.453055095170196,0
"COL",2026,2026-08-28,"ATL",0,22,4.18403325165194,5.66917869275975,0.360672893172115,0
"COL",2026,2026-08-29,"ATL",0,23,4.18403325165194,5.66917869275975,0.360672893172115,0
"COL",2026,2026-08-30,"ATL",0,24,4.18403325165194,5.66917869275975,0.360672893172115,0
"COL",2026,2026-08-31,"BAL",1,25,4.76152674991433,5.33637836587429,0.442381189997474,0
"COL",2026,2026-09-01,"BAL",1,26,4.76152674991433,5.33637836587429,0.442381189997474,0
"COL",2026,2026-09-02,"BAL",1,27,4.76152674991433,5.28395151550105,0.442381189997474,0
"COL",2026,2026-09-04,"STL",1,28,4.73424279006105,5.09254570802648,0.443215654523917,0
"COL",2026,2026-09-05,"STL",1,29,4.73286410885499,5.09254570802648,0.443215654523917,0
"COL",2026,2026-09-06,"STL",1,30,4.73265195160411,5.09254570802648,0.443215654523917,0
"COL",2026,2026-09-08,"NYY",0,31,3.82179764915458,5.49600714287232,0.360732122394531,0
"COL",2026,2026-09-09,"NYY",0,32,3.81892428730883,5.48827981815119,0.360732122394531,0
"COL",2026,2026-09-10,"NYY",0,33,3.81892428730883,5.48827981815119,0.360732122394531,0
"COL",2026,2026-09-11,"DET",0,34,4.34901199678954,5.53725520716795,0.410854713833077,0
"COL",2026,2026-09-12,"DET",0,35,4.34561950023997,5.51415585862418,0.410854713833077,0
"COL",2026,2026-09-13,"DET",0,36,4.34561950023997,5.50143226088825,0.410854713833077,0
"COL",2026,2026-09-14,"SDP",1,37,4.51765168669565,5.19917161685403,0.405588705518859,0
"COL",2026,2026-09-15,"SDP",1,38,4.51187756969115,5.19917161685403,0.405588705518859,0
"COL",2026,2026-09-16,"SDP",1,39,4.51187756969115,5.19917161685403,0.405588705518859,0
"COL",2026,2026-09-17,"SDP",1,40,4.51187756969115,5.19917161685403,0.405588705518859,0
"COL",2026,2026-09-18,"SEA",1,41,4.21501846541697,5.0541223055484,0.431164098632456,0
"COL",2026,2026-09-19,"SEA",1,42,4.20699575909235,5.0541223055484,0.431164098632456,0
"COL",2026,2026-09-20,"SEA",1,43,4.20699575909235,5.02283298580889,0.431164098632456,0
"COL",2026,2026-09-22,"ARI",1,44,4.22767246716485,5.35586343813368,0.385333322920732,0
"COL",2026,2026-09-23,"ARI",1,45,4.22767246716485,5.35586343813368,0.385333322920732,0
"COL",2026,2026-09-24,"ARI",1,46,4.24850188225871,5.35586343813368,0.385333322920732,0
"COL",2026,2026-09-25,"CHW",0,47,4.48431435618831,5.55308818833704,0.403854904638462,0
"COL",2026,2026-09-26,"CHW",0,48,4.48431435618831,5.55308818833704,0.403854904638462,0
"COL",2026,2026-09-27,"CHW",0,49,4.4782588524847,5.55308818833704,0.403854904638462,0
"COL",2026,2026-09-28,"TBR",0,50,3.96021299109936,5.19495245297049,0.391195174663796,0
"DET",2026,2026-08-04,"SEA",0,1,4.27175722133877,4.13279665398053,0.544372499673777,1
"DET",2026,2026-08-05,"SEA",0,2,4.27175722133877,4.13279665398053,0.544372499673777,1
"DET",2026,2026-08-06,"SEA",0,3,4.27175722133877,4.13279665398053,0.544372499673777,1
"DET",2026,2026-08-07,"SFG",0,4,4.79342114122888,4.17656078323007,0.593404032512215,1
"DET",2026,2026-08-08,"SFG",0,5,4.7919544334606,4.17656078323007,0.593404032512215,1
"DET",2026,2026-08-09,"SFG",0,6,4.7919544334606,4.17656078323007,0.593404032512215,1
"DET",2026,2026-08-11,"CLE",1,7,3.99179017277175,4.14888381494808,0.518710282831257,1
"DET",2026,2026-08-12,"CLE",1,8,3.99351343681535,4.14888381494808,0.518710282831257,1
"DET",2026,2026-08-13,"CLE",1,9,3.99351343681535,4.14888381494808,0.518710282831257,1
"DET",2026,2026-08-14,"CHW",1,10,4.72453604082467,4.55479520245875,0.501230300998371,1
"DET",2026,2026-08-15,"CHW",1,11,4.72453604082467,4.55479520245875,0.501230300998371,1
"DET",2026,2026-08-16,"CHW",1,12,4.72693175099545,4.55479520245875,0.501230300998371,1
"DET",2026,2026-08-17,"PIT",0,13,4.90840432985948,4.54129372337801,0.558927820529993,1
"DET",2026,2026-08-18,"PIT",0,14,4.90840432985948,4.54129372337801,0.558927820529993,1
"DET",2026,2026-08-19,"PIT",0,15,4.90507472298617,4.54129372337801,0.558927820529993,1
"DET",2026,2026-08-21,"KCR",0,16,5.3300713036962,4.17008425801191,0.608865761413415,1
"DET",2026,2026-08-22,"KCR",0,17,5.3300713036962,4.17008425801191,0.608865761413415,1
"DET",2026,2026-08-23,"KCR",0,18,5.3300713036962,4.17008425801191,0.608865761413415,1
"DET",2026,2026-08-24,"TBR",1,19,4.10454285654597,4.28336427972063,0.480735217120109,0
"DET",2026,2026-08-25,"TBR",1,20,4.10550246603624,4.28336427972063,0.480735217120109,0
"DET",2026,2026-08-26,"TBR",1,21,4.10550246603624,4.28336427972063,0.480735217120109,0
"DET",2026,2026-08-28,"LAD",1,22,4.04367192133022,4.69276687664908,0.440117495359337,0
"DET",2026,2026-08-29,"LAD",1,23,4.04367192133022,4.69276687664908,0.440117495359337,0
"DET",2026,2026-08-30,"LAD",1,24,4.04367192133022,4.69276687664908,0.440117495359337,0
"DET",2026,2026-08-31,"MIN",0,25,5.21020949971127,4.40493994999712,0.591823628770803,1
"DET",2026,2026-09-01,"MIN",0,26,5.21020949971127,4.40493994999712,0.591823628770803,1
"DET",2026,2026-09-02,"MIN",0,27,5.21020949971127,4.39759384060589,0.591823628770803,1
"DET",2026,2026-09-04,"CLE",0,28,3.9962476903759,4.13830125051764,0.518710282831257,1
"DET",2026,2026-09-04,"CLE",0,29,3.98722441692208,4.13830125051764,0.518710282831257,1
"DET",2026,2026-09-05,"CLE",0,30,3.97818130128799,4.13830125051764,0.518710282831257,1
"DET",2026,2026-09-06,"CLE",0,31,3.97818130128799,4.13830125051764,0.518710282831257,1
"DET",2026,2026-09-07,"MIN",1,32,5.19727967624808,4.3925996707222,0.591823628770803,1
"DET",2026,2026-09-08,"MIN",1,33,5.19727967624808,4.3925996707222,0.591823628770803,1
"DET",2026,2026-09-09,"MIN",1,34,5.19727967624808,4.3925996707222,0.591823628770803,1
"DET",2026,2026-09-11,"COL",1,35,5.59799397408948,4.32939401344058,0.597275137893156,1
"DET",2026,2026-09-12,"COL",1,36,5.59799397408948,4.32371659734751,0.597275137893156,1
"DET",2026,2026-09-13,"COL",1,37,5.59799397408948,4.31137637185434,0.597275137893156,1
"DET",2026,2026-09-14,"TOR",0,38,4.67255574644479,4.03865210653011,0.586397243208175,1
"DET",2026,2026-09-15,"TOR",0,39,4.67255574644479,4.03865210653011,0.586397243208175,1
"DET",2026,2026-09-16,"TOR",0,40,4.67255574644479,4.03865210653011,0.586397243208175,1
"DET",2026,2026-09-17,"CHW",0,41,4.70355983358727,4.49743052155826,0.501230300998371,1
"DET",2026,2026-09-18,"CHW",0,42,4.69553712726265,4.49743052155826,0.501230300998371,1
"DET",2026,2026-09-19,"CHW",0,43,4.69553712726265,4.47835154342096,0.501230300998371,1
"DET",2026,2026-09-20,"CHW",0,44,4.69206123671311,4.47835154342096,0.501230300998371,1
"DET",2026,2026-09-21,"WSN",1,45,5.28587121386826,4.46235494667006,0.551424603320673,1
"DET",2026,2026-09-22,"WSN",1,46,5.27564910449537,4.46235494667006,0.551424603320673,1
"DET",2026,2026-09-23,"WSN",1,47,5.27564910449537,4.46235494667006,0.551424603320673,1
"DET",2026,2026-09-25,"PIT",1,48,4.79238467737437,4.48509512122407,0.558927820529993,1
"DET",2026,2026-09-26,"PIT",1,49,4.77583087674609,4.48509512122407,0.558927820529993,1
"DET",2026,2026-09-27,"PIT",1,50,4.77583087674609,4.48509512122407,0.558927820529993,1
"HOU",2026,2026-08-04,"TOR",1,1,4.56167054685712,4.27781070337076,0.523275001773638,1
"HOU",2026,2026-08-05,"TOR",1,2,4.56167054685712,4.27781070337076,0.523275001773638,1
"HOU",2026,2026-08-07,"SDP",0,3,4.60044862276771,4.45290121224875,0.439228971195591,0
"HOU",2026,2026-08-08,"SDP",0,4,4.60044862276771,4.45290121224875,0.439228971195591,0
"HOU",2026,2026-08-09,"SDP",0,5,4.59898191499943,4.45290121224875,0.439228971195591,0
"HOU",2026,2026-08-10,"SFG",0,6,4.77301557801839,4.49415046467132,0.5399952398382,1
"HOU",2026,2026-08-11,"SFG",0,7,4.77301557801839,4.49415046467132,0.5399952398382,1
"HOU",2026,2026-08-12,"SFG",0,8,4.77473884206199,4.49415046467132,0.5399952398382,1
"HOU",2026,2026-08-14,"SEA",1,9,4.27583893930477,4.30194334012506,0.475521137351158,0
"HOU",2026,2026-08-15,"SEA",1,10,4.27583893930477,4.30194334012506,0.475521137351158,0
"HOU",2026,2026-08-16,"SEA",1,11,4.27583893930477,4.30194334012506,0.475521137351158,0
"HOU",2026,2026-08-18,"LAA",1,12,4.94942440412562,4.36064058704335,0.552914851447801,1
"HOU",2026,2026-08-19,"LAA",1,13,4.94942440412562,4.35871608979889,0.552914851447801,1
"HOU",2026,2026-08-20,"LAA",1,14,4.94942440412562,4.35871608979889,0.552914851447801,1
"HOU",2026,2026-08-21,"OAK",1,15,5.2488446912535,4.44701686741219,0.549932847962819,1
"HOU",2026,2026-08-22,"OAK",1,16,5.23788690988543,4.44701686741219,0.549932847962819,1
"HOU",2026,2026-08-23,"OAK",1,17,5.23788690988543,4.44701686741219,0.549932847962819,1
"HOU",2026,2026-08-25,"NYY",0,18,3.83647414247174,4.78426401389642,0.405019239816292,0
"HOU",2026,2026-08-26,"NYY",0,19,3.83647414247174,4.78426401389642,0.405019239816292,0
"HOU",2026,2026-08-27,"NYY",0,20,3.83743375196201,4.78426401389642,0.405019239816292,0
"HOU",2026,2026-08-28,"NYM",0,21,4.86998709410904,4.3615951897172,0.512285857299451,1
"HOU",2026,2026-08-29,"NYM",0,22,4.86998709410904,4.3615951897172,0.512285857299451,1
"HOU",2026,2026-08-30,"NYM",0,23,4.86998709410904,4.3615951897172,0.512285857299451,1
"HOU",2026,2026-08-31,"CHW",1,24,4.57844727936035,4.89943112473471,0.445854650918101,0
"HOU",2026,2026-09-01,"CHW",1,25,4.57844727936035,4.89943112473471,0.445854650918101,0
"HOU",2026,2026-09-02,"CHW",1,26,4.57844727936035,4.89943112473471,0.445854650918101,0
"HOU",2026,2026-09-03,"CHW",1,27,4.57844727936035,4.87562536360832,0.445854650918101,0
"HOU",2026,2026-09-04,"ARI",1,28,4.37500662244876,4.65905833975127,0.426158868793586,0
"HOU",2026,2026-09-05,"ARI",1,29,4.3736279412427,4.65905833975127,0.426158868793586,0
"HOU",2026,2026-09-06,"ARI",1,30,4.37050036551727,4.65905833975127,0.426158868793586,0
"HOU",2026,2026-09-08,"PHI",0,31,4.39274131072727,4.44407361606649,0.439859452845029,0
"HOU",2026,2026-09-09,"PHI",0,32,4.38431774419557,4.43262115637065,0.439859452845029,0
"HOU",2026,2026-09-10,"PHI",0,33,4.38431774419557,4.43262115637065,0.439859452845029,0
"HOU",2026,2026-09-11,"TBR",0,34,4.09819611463191,4.55452183576891,0.42968905603816,0
"HOU",2026,2026-09-12,"TBR",0,35,4.09480361808234,4.51964988856996,0.42968905603816,0
"HOU",2026,2026-09-13,"TBR",0,36,4.09480361808234,4.50692629083404,0.42968905603816,0
"HOU",2026,2026-09-15,"KCR",1,37,5.22773054443493,4.37549552502945,0.548851481513279,1
"HOU",2026,2026-09-16,"KCR",1,38,5.22195642743043,4.37549552502945,0.548851481513279,1
"HOU",2026,2026-09-17,"KCR",1,39,5.22195642743043,4.37549552502945,0.548851481513279,1
"HOU",2026,2026-09-18,"ATL",1,40,4.15134888898335,4.90600041192664,0.400127686183018,0
"HOU",2026,2026-09-19,"ATL",1,41,4.14216980624275,4.90600041192664,0.400127686183018,0
"HOU",2026,2026-09-20,"ATL",1,42,4.13414709991813,4.90600041192664,0.400127686183018,0
"HOU",2026,2026-09-22,"SEA",0,43,4.24304351969798,4.24059397926174,0.475521137351158,0
"HOU",2026,2026-09-23,"SEA",0,44,4.23956762914844,4.24059397926174,0.475521137351158,0
"HOU",2026,2026-09-24,"OAK",0,45,5.23110138417703,4.38759200379333,0.549932847962819,1
"HOU",2026,2026-09-25,"OAK",0,46,5.21022642412316,4.38759200379333,0.549932847962819,1
"HOU",2026,2026-09-26,"OAK",0,47,5.21022642412316,4.38759200379333,0.549932847962819,1
"HOU",2026,2026-09-27,"OAK",0,48,5.21022642412316,4.38759200379333,0.549932847962819,1
"HOU",2026,2026-09-28,"TOR",1,49,4.4592242952535,4.21646134250743,0.523275001773638,1
"KCR",2026,2026-08-04,"MIN",1,1,4.72458757445491,5.21199037254958,0.484905081650661,0
"KCR",2026,2026-08-05,"MIN",1,2,4.72458757445491,5.21199037254958,0.484905081650661,0
"KCR",2026,2026-08-06,"MIN",1,3,4.72458757445491,5.21199037254958,0.484905081650661,0
"KCR",2026,2026-08-07,"CHC",1,4,3.91692644817113,5.64279335447563,0.349474583646523,0
"KCR",2026,2026-08-08,"CHC",1,5,3.91967897304989,5.64279335447563,0.349474583646523,0
"KCR",2026,2026-08-09,"CHC",1,6,3.91967897304989,5.64279335447563,0.349474583646523,0
"KCR",2026,2026-08-10,"LAD",0,7,3.79185098180527,5.47636716737522,0.346301758668219,0
"KCR",2026,2026-08-11,"LAD",0,8,3.79357424584887,5.47636716737522,0.346301758668219,0
"KCR",2026,2026-08-12,"LAD",0,9,3.79357424584887,5.47636716737522,0.346301758668219,0
"KCR",2026,2026-08-14,"LAA",0,10,4.69259438822247,4.99544129890903,0.501133846213974,1
"KCR",2026,2026-08-15,"LAA",0,11,4.69259438822247,4.99544129890903,0.501133846213974,1
"KCR",2026,2026-08-16,"LAA",0,12,4.69499009839326,4.99544129890903,0.501133846213974,1
"KCR",2026,2026-08-17,"OAK",1,13,4.83893949969036,5.04670275882084,0.513361347342783,1
"KCR",2026,2026-08-18,"OAK",1,14,4.83893949969036,5.04670275882084,0.513361347342783,1
"KCR",2026,2026-08-19,"OAK",1,15,4.84157550074385,5.04670275882084,0.513361347342783,1
"KCR",2026,2026-08-20,"OAK",1,16,4.83061771937578,5.04670275882084,0.513361347342783,1
"KCR",2026,2026-08-21,"DET",1,17,4.04863032620563,5.36436428969441,0.398163687766474,0
"KCR",2026,2026-08-22,"DET",1,18,4.04863032620563,5.36436428969441,0.398163687766474,0
"KCR",2026,2026-08-23,"DET",1,19,4.04863032620563,5.36436428969441,0.398163687766474,0
"KCR",2026,2026-08-25,"TOR",0,20,4.25912967948786,4.90080706352893,0.460713370227755,0
"KCR",2026,2026-08-26,"TOR",0,21,4.25912967948786,4.90080706352893,0.460713370227755,0
"KCR",2026,2026-08-27,"TOR",0,22,4.25912967948786,4.90080706352893,0.460713370227755,0
"KCR",2026,2026-08-28,"CLE",0,23,3.69604799177572,4.9847324499017,0.401715352809238,0
"KCR",2026,2026-08-29,"CLE",0,24,3.69604799177572,4.9847324499017,0.401715352809238,0
"KCR",2026,2026-08-30,"CLE",0,25,3.69604799177572,4.9847324499017,0.401715352809238,0
"KCR",2026,2026-09-01,"MIA",1,26,4.25642328976426,5.14832739650305,0.404756091063628,0
"KCR",2026,2026-09-02,"MIA",1,27,4.25642328976426,5.13966932931707,0.404756091063628,0
"KCR",2026,2026-09-03,"MIA",1,28,4.25642328976426,5.13966932931707,0.404756091063628,0
"KCR",2026,2026-09-04,"TOR",1,29,4.2577509982818,4.89214899634296,0.460713370227755,0
"KCR",2026,2026-09-05,"TOR",1,30,4.23876405107229,4.89214899634296,0.460713370227755,0
"KCR",2026,2026-09-06,"TOR",1,31,4.23876405107229,4.89214899634296,0.460713370227755,0
"KCR",2026,2026-09-07,"ARI",1,32,4.08640402657632,5.26337380113533,0.382990074318353,0
"KCR",2026,2026-09-08,"ARI",1,33,4.08640402657632,5.26337380113533,0.382990074318353,0
"KCR",2026,2026-09-09,"ARI",1,34,4.08640402657632,5.26337380113533,0.382990074318353,0
"KCR",2026,2026-09-11,"BOS",0,35,3.97466022514243,5.21698578623538,0.360567693532913,0
"KCR",2026,2026-09-12,"BOS",0,36,3.97466022514243,5.20426218849946,0.360567693532913,0
"KCR",2026,2026-09-13,"BOS",0,37,3.97466022514243,5.19192196300629,0.360567693532913,0
"KCR",2026,2026-09-15,"HOU",0,38,4.59978066805633,5.20744311696692,0.454434759759994,0
"KCR",2026,2026-09-16,"HOU",0,39,4.59978066805633,5.20744311696692,0.454434759759994,0
"KCR",2026,2026-09-17,"HOU",0,40,4.59978066805633,5.20744311696692,0.454434759759994,0
"KCR",2026,2026-09-18,"PIT",0,41,4.28319207785783,5.28110142203876,0.454725312515581,0
"KCR",2026,2026-09-19,"PIT",0,42,4.26141105996861,5.28110142203876,0.454725312515581,0
"KCR",2026,2026-09-20,"PIT",0,43,4.26141105996861,5.26006935566197,0.454725312515581,0
"KCR",2026,2026-09-22,"CHW",1,44,4.19052618687633,5.31169143842331,0.391236512127586,0
"KCR",2026,2026-09-23,"CHW",1,45,4.19052618687633,5.31169143842331,0.391236512127586,0
"KCR",2026,2026-09-24,"CHW",1,46,4.19604038980179,5.31169143842331,0.391236512127586,0
"KCR",2026,2026-09-25,"CLE",1,47,3.60225420307314,4.87712196782703,0.401715352809238,0
"KCR",2026,2026-09-26,"CLE",1,48,3.60225420307314,4.87712196782703,0.401715352809238,0
"KCR",2026,2026-09-27,"CLE",1,49,3.58570040244487,4.87712196782703,0.401715352809238,0
"LAA",2026,2026-08-04,"BAL",0,1,4.43574922150122,4.810003162869,0.444348467244503,0
"LAA",2026,2026-08-05,"BAL",0,2,4.43574922150122,4.810003162869,0.444348467244503,0
"LAA",2026,2026-08-06,"BAL",0,3,4.43574922150122,4.810003162869,0.444348467244503,0
"LAA",2026,2026-08-07,"MIA",0,4,4.31209212287802,4.76947926905531,0.416827557329443,0
"LAA",2026,2026-08-08,"MIA",0,5,4.31484464775678,4.76947926905531,0.416827557329443,0
"LAA",2026,2026-08-09,"MIA",0,6,4.31484464775678,4.76947926905531,0.416827557329443,0
"LAA",2026,2026-08-10,"TEX",1,7,4.42054334240605,4.67004600243359,0.45540258649904,0
"LAA",2026,2026-08-11,"TEX",1,8,4.42226660644965,4.67004600243359,0.45540258649904,0
"LAA",2026,2026-08-12,"TEX",1,9,4.42226660644965,4.67004600243359,0.45540258649904,0
"LAA",2026,2026-08-13,"TEX",1,10,4.42226660644965,4.67004600243359,0.45540258649904,0
"LAA",2026,2026-08-14,"KCR",1,11,4.88934921160473,4.65269689731552,0.493894869187707,0
"LAA",2026,2026-08-15,"KCR",1,12,4.89174492177552,4.65269689731552,0.493894869187707,0
"LAA",2026,2026-08-16,"KCR",1,13,4.89174492177552,4.65077240007106,0.493894869187707,0
"LAA",2026,2026-08-18,"HOU",0,14,4.56271701784264,5.01504953775223,0.457925720882234,0
"LAA",2026,2026-08-19,"HOU",0,15,4.56535301889613,5.01504953775223,0.457925720882234,0
"LAA",2026,2026-08-20,"HOU",0,16,4.55439523752806,5.01504953775223,0.457925720882234,0
"LAA",2026,2026-08-21,"TEX",0,17,4.42156116815854,4.66812150518913,0.45540258649904,0
"LAA",2026,2026-08-22,"TEX",0,18,4.42156116815854,4.66812150518913,0.45540258649904,0
"LAA",2026,2026-08-23,"TEX",0,19,4.42156116815854,4.66812150518913,0.45540258649904,0
"LAA",2026,2026-08-24,"CLE",1,20,3.69194676212759,4.63229516317705,0.411624932547314,0
"LAA",2026,2026-08-25,"CLE",1,21,3.69194676212759,4.63229516317705,0.411624932547314,0
"LAA",2026,2026-08-26,"CLE",1,22,3.69194676212759,4.63229516317705,0.411624932547314,0
"LAA",2026,2026-08-28,"PHI",1,23,4.07108353447613,4.69335267010964,0.396537240816478,0
"LAA",2026,2026-08-29,"PHI",1,24,4.07108353447613,4.69335267010964,0.396537240816478,0
"LAA",2026,2026-08-30,"PHI",1,25,4.07108353447613,4.69335267010964,0.396537240816478,0
"LAA",2026,2026-08-31,"NYY",1,26,3.63943962499692,5.03079114358178,0.364120130494847,0
"LAA",2026,2026-09-01,"NYY",1,27,3.63943962499692,5.01248785262743,0.364120130494847,0
"LAA",2026,2026-09-02,"NYY",1,28,3.63943962499692,5.01248785262743,0.364120130494847,0
"LAA",2026,2026-09-04,"PIT",0,29,4.32592568928233,5.01326892360763,0.460581337859339,0
"LAA",2026,2026-09-05,"PIT",0,30,4.30693874207282,5.01326892360763,0.460581337859339,0
"LAA",2026,2026-09-06,"PIT",0,31,4.30693874207282,5.01326892360763,0.460581337859339,0
"LAA",2026,2026-09-07,"BOS",0,32,3.95327387289093,4.82954487153628,0.36916143951745,0
"LAA",2026,2026-09-08,"BOS",0,33,3.95327387289093,4.82954487153628,0.36916143951745,0
"LAA",2026,2026-09-09,"BOS",0,34,3.95327387289093,4.82954487153628,0.36916143951745,0
"LAA",2026,2026-09-11,"WSN",0,35,4.88693967716126,5.0743733508902,0.436087553210327,0
"LAA",2026,2026-09-12,"WSN",0,36,4.88693967716126,5.06164975315427,0.436087553210327,0
"LAA",2026,2026-09-13,"WSN",0,37,4.88693967716126,5.0493095276611,0.436087553210327,0
"LAA",2026,2026-09-14,"SEA",1,38,3.96714316112684,4.46628651442989,0.424149637384004,0
"LAA",2026,2026-09-15,"SEA",1,39,3.96714316112684,4.46628651442989,0.424149637384004,0
"LAA",2026,2026-09-16,"SEA",1,40,3.96714316112684,4.46628651442989,0.424149637384004,0
"LAA",2026,2026-09-17,"MIN",1,41,4.66546685552937,4.85966423603599,0.482336365079304,0
"LAA",2026,2026-09-18,"MIN",1,42,4.64368583764014,4.85966423603599,0.482336365079304,0
"LAA",2026,2026-09-19,"MIN",1,43,4.64368583764014,4.84058525789869,0.482336365079304,0
"LAA",2026,2026-09-20,"MIN",1,44,4.57415917647233,4.84058525789869,0.482336365079304,0
"LAA",2026,2026-09-22,"OAK",0,45,4.7647503990684,4.54277283793716,0.495991143012164,0
"LAA",2026,2026-09-23,"OAK",0,46,4.74387543901453,4.54277283793716,0.495991143012164,0
"LAA",2026,2026-09-24,"SEA",0,47,3.92037629636926,4.45656608644413,0.424149637384004,0
"LAA",2026,2026-09-25,"SEA",0,48,3.92037629636926,4.45656608644413,0.424149637384004,0
"LAA",2026,2026-09-26,"SEA",0,49,3.89169026666017,4.45656608644413,0.424149637384004,0
"LAA",2026,2026-09-27,"SEA",0,50,3.89169026666017,4.45656608644413,0.424149637384004,0
"LAD",2026,2026-08-04,"CHC",0,1,4.76053192388777,4.45517846582475,0.510588891478075,1
"LAD",2026,2026-08-05,"CHC",0,2,4.76053192388777,4.45517846582475,0.510588891478075,1
"LAD",2026,2026-08-07,"ARI",0,3,4.8312782779258,3.89661079605775,0.548903434616627,1
"LAD",2026,2026-08-08,"ARI",0,4,4.8312782779258,3.89661079605775,0.548903434616627,1
"LAD",2026,2026-08-09,"ARI",0,5,4.82981157015752,3.89661079605775,0.548903434616627,1
"LAD",2026,2026-08-10,"KCR",1,6,5.84060007422686,3.78429748633686,0.654992312115614,1
"LAD",2026,2026-08-11,"KCR",1,7,5.84060007422686,3.78429748633686,0.654992312115614,1
"LAD",2026,2026-08-12,"KCR",1,8,5.83284263518117,3.78429748633686,0.654992312115614,1
"LAD",2026,2026-08-13,"MIL",1,9,4.61314117844351,4.34850898599262,0.472533478413137,0
"LAD",2026,2026-08-14,"MIL",1,10,4.61314117844351,4.34850898599262,0.472533478413137,0
"LAD",2026,2026-08-15,"MIL",1,11,4.61314117844351,4.34850898599262,0.472533478413137,0
"LAD",2026,2026-08-16,"MIL",1,12,4.6155368886143,4.34850898599262,0.472533478413137,0
"LAD",2026,2026-08-17,"COL",0,13,6.10579965842003,3.97638030539256,0.645995752710607,1
"LAD",2026,2026-08-18,"COL",0,14,6.10579965842003,3.97638030539256,0.645995752710607,1
"LAD",2026,2026-08-19,"COL",0,15,6.19975321756997,3.97638030539256,0.645995752710607,1
"LAD",2026,2026-08-21,"PIT",1,16,5.26287078922108,4.13720092125382,0.611728691214492,1
"LAD",2026,2026-08-22,"PIT",1,17,5.26287078922108,4.13720092125382,0.611728691214492,1
"LAD",2026,2026-08-23,"PIT",1,18,5.26287078922108,4.13720092125382,0.611728691214492,1
"LAD",2026,2026-08-25,"ATL",0,19,4.72158263414088,4.26092091431038,0.49494533927625,0
"LAD",2026,2026-08-26,"ATL",0,20,4.71812517079349,4.26092091431038,0.49494533927625,0
"LAD",2026,2026-08-27,"ATL",0,21,4.71812517079349,4.26092091431038,0.49494533927625,0
"LAD",2026,2026-08-28,"DET",0,22,4.79613097655054,4.04440131112154,0.580518833029414,1
"LAD",2026,2026-08-29,"DET",0,23,4.79613097655054,4.04440131112154,0.580518833029414,1
"LAD",2026,2026-08-30,"DET",0,24,4.79613097655054,4.04440131112154,0.580518833029414,1
"LAD",2026,2026-09-01,"STL",1,25,5.29344990214055,3.74834982968305,0.595134229252135,1
"LAD",2026,2026-09-02,"STL",1,26,5.29344990214055,3.74834982968305,0.595134229252135,1
"LAD",2026,2026-09-03,"STL",1,27,5.29344990214055,3.74903026050324,0.595134229252135,1
"LAD",2026,2026-09-04,"WSN",1,28,5.69428481993409,4.14108804584873,0.603873446770094,1
"LAD",2026,2026-09-05,"WSN",1,29,5.69290613872803,4.14108804584873,0.603873446770094,1
"LAD",2026,2026-09-06,"WSN",1,30,5.6897785630026,4.14108804584873,0.603873446770094,1
"LAD",2026,2026-09-07,"CIN",1,31,5.50412254929889,3.8023070827705,0.623398020276144,1
"LAD",2026,2026-09-08,"CIN",1,32,5.49569898276718,3.7973129128868,0.623398020276144,1
"LAD",2026,2026-09-09,"CIN",1,33,5.49569898276718,3.7973129128868,0.623398020276144,1
"LAD",2026,2026-09-11,"MIA",0,34,5.21245548382908,3.80434112370617,0.588746458556983,1
"LAD",2026,2026-09-12,"MIA",0,35,5.20906298727951,3.79103145956647,0.588746458556983,1
"LAD",2026,2026-09-13,"MIA",0,36,5.20906298727951,3.78535404347341,0.588746458556983,1
"LAD",2026,2026-09-14,"CIN",0,37,5.49230648621762,3.78001168775173,0.623398020276144,1
"LAD",2026,2026-09-15,"CIN",0,38,5.48653236921311,3.78001168775173,0.623398020276144,1
"LAD",2026,2026-09-16,"CIN",0,39,5.48653236921311,3.78001168775173,0.623398020276144,1
"LAD",2026,2026-09-17,"CIN",0,40,5.48653236921311,3.78001168775173,0.623398020276144,1
"LAD",2026,2026-09-18,"SFG",1,41,5.08655317729815,3.79165869599012,0.642995429974851,1
"LAD",2026,2026-09-19,"SFG",1,42,5.07853047097354,3.79165869599012,0.642995429974851,1
"LAD",2026,2026-09-20,"SFG",1,43,5.07853047097354,3.78193826800437,0.642995429974851,1
"LAD",2026,2026-09-22,"SDP",1,44,5.06071597114896,3.77382169442075,0.569859843087838,1
"LAD",2026,2026-09-23,"SDP",1,45,5.06071597114896,3.77382169442075,0.569859843087838,1
"LAD",2026,2026-09-24,"SDP",1,46,5.06680378099251,3.77382169442075,0.569859843087838,1
"LAD",2026,2026-09-25,"SFG",0,47,5.07492270236825,3.78193826800437,0.642995429974851,1
"LAD",2026,2026-09-26,"SFG",0,48,5.07492270236825,3.78193826800437,0.642995429974851,1
"LAD",2026,2026-09-27,"SFG",0,49,5.02619630690939,3.78193826800437,0.642995429974851,1
"LAD",2026,2026-09-28,"CHC",0,50,4.75200398667137,4.43577369466978,0.510588891478075,1
"MIA",2026,2026-08-04,"ATL",0,1,4.06817482808117,4.88979828982434,0.436814926536686,0
"MIA",2026,2026-08-05,"ATL",0,2,4.06817482808117,4.88979828982434,0.436814926536686,0
"MIA",2026,2026-08-06,"ATL",0,3,4.06817482808117,4.88979828982434,0.436814926536686,0
"MIA",2026,2026-08-07,"LAA",1,4,4.88695069184555,4.27110766639048,0.603703439973707,1
"MIA",2026,2026-08-08,"LAA",1,5,4.88548398407727,4.27110766639048,0.603703439973707,1
"MIA",2026,2026-08-09,"LAA",1,6,4.88548398407727,4.27110766639048,0.603703439973707,1
"MIA",2026,2026-08-11,"PIT",1,7,4.65389054011187,4.70718031640131,0.553546729759855,1
"MIA",2026,2026-08-12,"PIT",1,8,4.65561380415547,4.70718031640131,0.553546729759855,1
"MIA",2026,2026-08-13,"PIT",1,9,4.65561380415547,4.70718031640131,0.553546729759855,1
"MIA",2026,2026-08-14,"CIN",0,10,4.89651490999867,4.28588048498998,0.569072329620777,1
"MIA",2026,2026-08-15,"CIN",0,11,4.89651490999867,4.28588048498998,0.569072329620777,1
"MIA",2026,2026-08-16,"CIN",0,12,4.87547498938793,4.28588048498998,0.569072329620777,1
"MIA",2026,2026-08-17,"PHI",0,13,4.27621862296755,4.33635440306649,0.487547836865768,0
"MIA",2026,2026-08-18,"PHI",0,14,4.27621862296755,4.33635440306649,0.487547836865768,0
"MIA",2026,2026-08-19,"PHI",0,15,4.27885462402104,4.33635440306649,0.487547836865768,0
"MIA",2026,2026-08-21,"WSN",1,16,5.12009764255743,4.74540135760269,0.532504246780827,1
"MIA",2026,2026-08-22,"WSN",1,17,5.12009764255743,4.74540135760269,0.532504246780827,1
"MIA",2026,2026-08-23,"WSN",1,18,5.12009764255743,4.74540135760269,0.532504246780827,1
"MIA",2026,2026-08-24,"BOS",1,19,4.14002094079378,4.51713821139506,0.462088195615962,0
"MIA",2026,2026-08-25,"BOS",1,20,4.13656347744639,4.51713821139506,0.462088195615962,0
"MIA",2026,2026-08-26,"BOS",1,21,4.13656347744639,4.51713821139506,0.462088195615962,0
"MIA",2026,2026-08-28,"WSN",0,22,5.11664017921004,4.74540135760269,0.532504246780827,1
"MIA",2026,2026-08-29,"WSN",0,23,5.11664017921004,4.74540135760269,0.532504246780827,1
"MIA",2026,2026-08-30,"WSN",0,24,5.11664017921004,4.74540135760269,0.532504246780827,1
"MIA",2026,2026-08-31,"WSN",0,25,5.11664017921004,4.74540135760269,0.532504246780827,1
"MIA",2026,2026-09-01,"KCR",0,26,5.20732688445801,4.27744422196284,0.593587700833624,1
"MIA",2026,2026-09-02,"KCR",0,27,5.20732688445801,4.30667082761651,0.593587700833624,1
"MIA",2026,2026-09-03,"KCR",0,28,5.20732688445801,4.30667082761651,0.593587700833624,1
"MIA",2026,2026-09-04,"CHC",1,29,4.09066037892437,4.95517700125471,0.442351165318857,0
"MIA",2026,2026-09-05,"CHC",1,30,4.08753280319894,4.95517700125471,0.442351165318857,0
"MIA",2026,2026-09-06,"CHC",1,31,4.08753280319894,4.95517700125471,0.442351165318857,0
"MIA",2026,2026-09-07,"NYM",1,32,4.77033191739963,4.28009636538848,0.5627780365682,1
"MIA",2026,2026-09-08,"NYM",1,33,4.77033191739963,4.28009636538848,0.5627780365682,1
"MIA",2026,2026-09-09,"NYM",1,34,4.77033191739963,4.28009636538848,0.5627780365682,1
"MIA",2026,2026-09-11,"LAD",1,35,3.8463996446742,4.82553321539748,0.433616877122904,0
"MIA",2026,2026-09-12,"LAD",1,36,3.8463996446742,4.81985579930442,0.433616877122904,0
"MIA",2026,2026-09-13,"LAD",1,37,3.8463996446742,4.80751557381125,0.433616877122904,0
"MIA",2026,2026-09-14,"ARI",0,38,4.2131287277674,4.44734609316583,0.480896032106399,0
"MIA",2026,2026-09-15,"ARI",0,39,4.2131287277674,4.44734609316583,0.480896032106399,0
"MIA",2026,2026-09-16,"ARI",0,40,4.2131287277674,4.44734609316583,0.480896032106399,0
"MIA",2026,2026-09-18,"SDP",0,41,4.41865528691969,4.31939631831698,0.493963012711414,0
"MIA",2026,2026-09-19,"SDP",0,42,4.41063258059508,4.31939631831698,0.493963012711414,0
"MIA",2026,2026-09-20,"SDP",0,43,4.41063258059508,4.30967589033122,0.493963012711414,0
"MIA",2026,2026-09-22,"CHC",0,44,4.06113320082024,4.9250305571704,0.442351165318857,0
"MIA",2026,2026-09-23,"CHC",0,45,4.06113320082024,4.9250305571704,0.442351165318857,0
"MIA",2026,2026-09-24,"CHC",0,46,4.04290251090173,4.9250305571704,0.442351165318857,0
"MIA",2026,2026-09-25,"ATL",1,47,3.98804521778382,4.80593442286912,0.436814926536686,0
"MIA",2026,2026-09-26,"ATL",1,48,3.98804521778382,4.80593442286912,0.436814926536686,0
"MIA",2026,2026-09-27,"ATL",1,49,3.97717540666291,4.80593442286912,0.436814926536686,0
"MIL",2026,2026-08-04,"PIT",1,1,5.37702561849077,4.19982048326336,0.625206680923793,1
"MIL",2026,2026-08-05,"PIT",1,2,5.37702561849077,4.19982048326336,0.625206680923793,1
"MIL",2026,2026-08-06,"PIT",1,3,5.37702561849077,4.19982048326336,0.625206680923793,1
"MIL",2026,2026-08-07,"MIN",1,4,5.69849641559405,4.09191265333504,0.649744946997643,1
"MIL",2026,2026-08-08,"MIN",1,5,5.67086333251298,4.09191265333504,0.649744946997643,1
"MIL",2026,2026-08-09,"MIN",1,6,5.67086333251298,4.09191265333504,0.649744946997643,1
"MIL",2026,2026-08-10,"SDP",0,7,5.23436338244736,3.86389505917294,0.568369132772815,1
"MIL",2026,2026-08-11,"SDP",0,8,5.23608664649096,3.86389505917294,0.568369132772815,1
"MIL",2026,2026-08-12,"SDP",0,9,5.23608664649096,3.86389505917294,0.568369132772815,1
"MIL",2026,2026-08-13,"LAD",0,10,4.37102751455038,4.37875979923885,0.492421035632979,0
"MIL",2026,2026-08-14,"LAD",0,11,4.37102751455038,4.37875979923885,0.492421035632979,0
"MIL",2026,2026-08-15,"LAD",0,12,4.37342322472117,4.37875979923885,0.492421035632979,0
"MIL",2026,2026-08-16,"LAD",0,13,4.37342322472117,4.37683530199439,0.492421035632979,0
"MIL",2026,2026-08-18,"SEA",1,14,4.55117231554286,3.73754937085673,0.610098701466216,1
"MIL",2026,2026-08-19,"SEA",1,15,4.55380831659635,3.73754937085673,0.610098701466216,1
"MIL",2026,2026-08-20,"SEA",1,16,4.55525175716812,3.73754937085673,0.610098701466216,1
"MIL",2026,2026-08-21,"ATL",1,17,4.67985014827854,4.32462034407653,0.495506801488614,0
"MIL",2026,2026-08-22,"ATL",1,18,4.67985014827854,4.32462034407653,0.495506801488614,0
"MIL",2026,2026-08-23,"ATL",1,19,4.67985014827854,4.32462034407653,0.495506801488614,0
"MIL",2026,2026-08-25,"NYM",0,20,5.31919168440202,3.78534807780969,0.63294883395963,1
"MIL",2026,2026-08-26,"NYM",0,21,5.31919168440202,3.78534807780969,0.63294883395963,1
"MIL",2026,2026-08-27,"NYM",0,22,5.31919168440202,3.78534807780969,0.63294883395963,1
"MIL",2026,2026-08-28,"TEX",1,23,5.06725115855913,3.81708710365136,0.621795172478615,1
"MIL",2026,2026-08-29,"TEX",1,24,5.06725115855913,3.81708710365136,0.621795172478615,1
"MIL",2026,2026-08-30,"TEX",1,25,5.06725115855913,3.81708710365136,0.621795172478615,1
"MIL",2026,2026-08-31,"CHC",0,26,4.75444464433717,4.48018544248751,0.511588412935347,1
"MIL",2026,2026-09-01,"CHC",0,27,4.75444464433717,4.45637968136112,0.511588412935347,1
"MIL",2026,2026-09-02,"CHC",0,28,4.75444464433717,4.45637968136112,0.511588412935347,1
"MIL",2026,2026-09-03,"CHC",0,29,4.74542137088335,4.45637968136112,0.511588412935347,1
"MIL",2026,2026-09-04,"CIN",0,30,5.39678160292969,3.85786190380796,0.635639026383468,1
"MIL",2026,2026-09-05,"CIN",0,31,5.39678160292969,3.85786190380796,0.635639026383468,1
"MIL",2026,2026-09-06,"CIN",0,32,5.38835803639799,3.88814838811855,0.635639026383468,1
"MIL",2026,2026-09-07,"CHC",1,33,4.73387022862622,4.48666616567171,0.511588412935347,1
"MIL",2026,2026-09-08,"CHC",1,34,4.73387022862622,4.48666616567171,0.511588412935347,1
"MIL",2026,2026-09-09,"CHC",1,35,4.73047773207665,4.48302310639268,0.511588412935347,1
"MIL",2026,2026-09-11,"CIN",1,36,5.38496553984842,3.86916130788579,0.635639026383468,1
"MIL",2026,2026-09-12,"CIN",1,37,5.38496553984842,3.85682108239262,0.635639026383468,1
"MIL",2026,2026-09-13,"CIN",1,38,5.3824066113203,3.85682108239262,0.635639026383468,1
"MIL",2026,2026-09-15,"PIT",0,39,5.34147146742416,4.17304940347717,0.625206680923793,1
"MIL",2026,2026-09-16,"PIT",0,40,5.34147146742416,4.17304940347717,0.625206680923793,1
"MIL",2026,2026-09-17,"PIT",0,41,5.29776820795696,4.17304940347717,0.625206680923793,1
"MIL",2026,2026-09-18,"BAL",0,42,5.02502472898409,3.98368969360276,0.614628869602843,1
"MIL",2026,2026-09-19,"BAL",0,43,5.02502472898409,3.96461071546547,0.614628869602843,1
"MIL",2026,2026-09-20,"BAL",0,44,5.02154883843455,3.96461071546547,0.614628869602843,1
"MIL",2026,2026-09-22,"PHI",0,45,4.76042607702636,3.85439025441266,0.555245527029034,1
"MIL",2026,2026-09-23,"PHI",0,46,4.7665138868699,3.85439025441266,0.555245527029034,1
"MIL",2026,2026-09-24,"PHI",0,47,4.7665138868699,3.85439025441266,0.555245527029034,1
"MIL",2026,2026-09-25,"STL",1,48,5.15587767727294,3.8138770530304,0.597795613179021,1
"MIL",2026,2026-09-26,"STL",1,49,5.14500786615204,3.8138770530304,0.597795613179021,1
"MIL",2026,2026-09-27,"STL",1,50,5.14500786615204,3.8138770530304,0.597795613179021,1
"MIL",2026,2026-09-28,"PIT",1,51,5.26150961034155,4.17229098497926,0.625206680923793,1
"MIN",2026,2026-08-04,"KCR",0,1,5.24725299528684,4.71737247075233,0.544624673494985,1
"MIN",2026,2026-08-05,"KCR",0,2,5.24725299528684,4.71737247075233,0.544624673494985,1
"MIN",2026,2026-08-06,"KCR",0,3,5.24725299528684,4.71737247075233,0.544624673494985,1
"MIN",2026,2026-08-07,"MIL",0,4,4.02231094994451,5.30264418821413,0.36854011741391,0
"MIN",2026,2026-08-08,"MIL",0,5,4.02084424217623,5.30264418821413,0.36854011741391,0
"MIN",2026,2026-08-09,"MIL",0,6,4.02084424217623,5.30264418821413,0.36854011741391,0
"MIN",2026,2026-08-10,"BAL",1,7,4.69395617482595,4.82569905515286,0.481432530402631,0
"MIN",2026,2026-08-11,"BAL",1,8,4.69567943886955,4.82569905515286,0.481432530402631,0
"MIN",2026,2026-08-12,"BAL",1,9,4.69567943886955,4.82569905515286,0.481432530402631,0
"MIN",2026,2026-08-13,"PHI",1,10,4.32683028502282,4.75879326721317,0.434453257507495,0
"MIN",2026,2026-08-15,"PHI",1,11,4.32683028502282,4.75879326721317,0.434453257507495,0
"MIN",2026,2026-08-16,"PHI",1,12,4.32922599519361,4.75879326721317,0.434453257507495,0
"MIN",2026,2026-08-17,"ATL",1,13,4.09794914761531,5.20531999853735,0.387912743392227,0
"MIN",2026,2026-08-18,"ATL",1,14,4.09794914761531,5.20531999853735,0.387912743392227,0
"MIN",2026,2026-08-19,"ATL",1,15,4.09588464094303,5.20531999853735,0.387912743392227,0
"MIN",2026,2026-08-21,"SDP",0,16,4.50463488401682,4.79638303791785,0.439655322903859,0
"MIN",2026,2026-08-22,"SDP",0,17,4.50463488401682,4.79638303791785,0.439655322903859,0
"MIN",2026,2026-08-23,"SDP",0,18,4.50463488401682,4.79638303791785,0.439655322903859,0
"MIN",2026,2026-08-24,"OAK",0,19,5.14256577718138,4.743830428194,0.545707785425559,1
"MIN",2026,2026-08-25,"OAK",0,20,5.14352538667165,4.743830428194,0.545707785425559,1
"MIN",2026,2026-08-26,"OAK",0,21,5.14352538667165,4.743830428194,0.545707785425559,1
"MIN",2026,2026-08-28,"CHW",1,22,4.49539854817265,5.10980678233414,0.440979524494097,0
"MIN",2026,2026-08-29,"CHW",1,23,4.49539854817265,5.10980678233414,0.440979524494097,0
"MIN",2026,2026-08-30,"CHW",1,24,4.49539854817265,5.10980678233414,0.440979524494097,0
"MIN",2026,2026-08-31,"DET",1,25,4.3518370674964,5.03653602332716,0.444660509415811,0
"MIN",2026,2026-09-01,"DET",1,26,4.3518370674964,5.03653602332716,0.444660509415811,0
"MIN",2026,2026-09-02,"DET",1,27,4.3518370674964,5.02918991393594,0.444660509415811,0
"MIN",2026,2026-09-04,"CHW",0,28,4.49539854817265,5.10246067294292,0.440979524494097,0
"MIN",2026,2026-09-05,"CHW",0,29,4.49401986696659,5.10246067294292,0.440979524494097,0
"MIN",2026,2026-09-06,"CHW",0,30,4.48497675133251,5.10246067294292,0.440979524494097,0
"MIN",2026,2026-09-07,"DET",0,31,4.34733081056491,5.02918991393594,0.444660509415811,0
"MIN",2026,2026-09-08,"DET",0,32,4.33890724403321,5.0214625892148,0.444660509415811,0
"MIN",2026,2026-09-09,"DET",0,33,4.33890724403321,5.0214625892148,0.444660509415811,0
"MIN",2026,2026-09-11,"CLE",1,34,3.89899574794443,4.68013803847552,0.447843779291199,0
"MIN",2026,2026-09-12,"CLE",1,35,3.89567923674216,4.64526609127657,0.447843779291199,0
"MIN",2026,2026-09-13,"CLE",1,36,3.89567923674216,4.63254249354064,0.447843779291199,0
"MIN",2026,2026-09-14,"NYY",1,37,3.78760887925351,4.9405410001653,0.39254651477303,0
"MIN",2026,2026-09-15,"NYY",1,38,3.77370363190267,4.9405410001653,0.39254651477303,0
"MIN",2026,2026-09-16,"NYY",1,39,3.77370363190267,4.9405410001653,0.39254651477303,0
"MIN",2026,2026-09-17,"LAA",0,40,4.83099406698534,4.61794095275745,0.552494690879162,1
"MIN",2026,2026-09-18,"LAA",0,41,4.83374070256286,4.61794095275745,0.552494690879162,1
"MIN",2026,2026-09-19,"LAA",0,42,4.82571799623825,4.61794095275745,0.552494690879162,1
"MIN",2026,2026-09-20,"LAA",0,43,4.82571799623825,4.6082205247717,0.552494690879162,1
"MIN",2026,2026-09-21,"SFG",0,44,4.66088411122812,4.67046181852319,0.53588711153893,1
"MIN",2026,2026-09-22,"SFG",0,45,4.66088411122812,4.67046181852319,0.53588711153893,1
"MIN",2026,2026-09-23,"SFG",0,46,4.64000915117425,4.67046181852319,0.53588711153893,1
"MIN",2026,2026-09-25,"TEX",1,47,4.62390355556397,4.62533785265085,0.49822699617714,0
"MIN",2026,2026-09-26,"TEX",1,48,4.62390355556397,4.62533785265085,0.49822699617714,0
"MIN",2026,2026-09-27,"TEX",1,49,4.60734975493569,4.62533785265085,0.49822699617714,0
"NYM",2026,2026-08-04,"CLE",0,1,3.7105652870806,4.39610287919403,0.453356674965323,0
"NYM",2026,2026-08-05,"CLE",0,2,3.7105652870806,4.39610287919403,0.453356674965323,0
"NYM",2026,2026-08-06,"CLE",0,3,3.7105652870806,4.39610287919403,0.453356674965323,0
"NYM",2026,2026-08-07,"PIT",0,4,4.29431131436291,4.76955754215101,0.493391417252219,0
"NYM",2026,2026-08-08,"PIT",0,5,4.29706383924167,4.76955754215101,0.493391417252219,0
"NYM",2026,2026-08-09,"PIT",0,6,4.29706383924167,4.76955754215101,0.493391417252219,0
"NYM",2026,2026-08-10,"ATL",0,7,3.85513721071606,4.8785050159897,0.383960796374938,0
"NYM",2026,2026-08-11,"ATL",0,8,3.85686047475965,4.8785050159897,0.383960796374938,0
"NYM",2026,2026-08-12,"ATL",0,9,3.85686047475965,4.8785050159897,0.383960796374938,0
"NYM",2026,2026-08-14,"WSN",1,10,4.86934945500997,4.82062110306259,0.477984363273409,0
"NYM",2026,2026-08-15,"WSN",1,11,4.86934945500997,4.82062110306259,0.477984363273409,0
"NYM",2026,2026-08-16,"WSN",1,12,4.87174516518075,4.82062110306259,0.477984363273409,0
"NYM",2026,2026-08-17,"SDP",1,13,4.2585804686747,4.47132431599716,0.44838949883111,0
"NYM",2026,2026-08-18,"SDP",1,14,4.2585804686747,4.47132431599716,0.44838949883111,0
"NYM",2026,2026-08-19,"SDP",1,15,4.26121646972819,4.47132431599716,0.44838949883111,0
"NYM",2026,2026-08-21,"CHW",0,16,4.22247511305737,4.82524061724319,0.437965555226819,0
"NYM",2026,2026-08-22,"CHW",0,17,4.22247511305737,4.82524061724319,0.437965555226819,0
"NYM",2026,2026-08-23,"CHW",0,18,4.22247511305737,4.82524061724319,0.437965555226819,0
"NYM",2026,2026-08-25,"MIL",1,19,3.82424020432621,4.949021751598,0.37595777558578,0
"NYM",2026,2026-08-26,"MIL",1,20,3.82519981381648,4.949021751598,0.37595777558578,0
"NYM",2026,2026-08-27,"MIL",1,21,3.82519981381648,4.949021751598,0.37595777558578,0
"NYM",2026,2026-08-28,"HOU",1,22,4.55341938862936,4.71030766004282,0.493767587306111,0
"NYM",2026,2026-08-29,"HOU",1,23,4.55341938862936,4.71030766004282,0.493767587306111,0
"NYM",2026,2026-08-30,"HOU",1,24,4.55341938862936,4.71030766004282,0.493767587306111,0
"NYM",2026,2026-08-31,"TBR",0,25,3.78259836628056,4.51031465626105,0.414849486501738,0
"NYM",2026,2026-09-01,"TBR",0,26,3.78259836628056,4.51031465626105,0.414849486501738,0
"NYM",2026,2026-09-02,"TBR",0,27,3.78259836628056,4.45788780588781,0.414849486501738,0
"NYM",2026,2026-09-04,"SFG",1,28,4.33719225446544,4.41254177001996,0.526083743265211,1
"NYM",2026,2026-09-05,"SFG",1,29,4.32595667243704,4.41254177001996,0.526083743265211,1
"NYM",2026,2026-09-06,"SFG",1,30,4.32574451518615,4.41254177001996,0.526083743265211,1
"NYM",2026,2026-09-07,"MIA",0,31,4.24696417092919,4.4374047084229,0.454422959817028,0
"NYM",2026,2026-09-08,"MIA",0,32,4.23854060439749,4.42967738370177,0.454422959817028,0
"NYM",2026,2026-09-09,"MIA",0,33,4.23854060439749,4.42967738370177,0.454422959817028,0
"NYM",2026,2026-09-11,"NYY",0,34,3.62566835019598,4.65432534411388,0.387025891460884,0
"NYM",2026,2026-09-12,"NYY",0,35,3.62227585364641,4.64101567997418,0.387025891460884,0
"NYM",2026,2026-09-13,"NYY",0,36,3.62227585364641,4.63533826388111,0.387025891460884,0
"NYM",2026,2026-09-14,"BAL",1,37,4.41122051678999,4.39896205247208,0.48912767560594,0
"NYM",2026,2026-09-15,"BAL",1,38,4.40544639978548,4.39896205247208,0.48912767560594,0
"NYM",2026,2026-09-16,"BAL",1,39,4.40544639978548,4.39896205247208,0.48912767560594,0
"NYM",2026,2026-09-17,"PHI",1,40,4.03043006973175,4.36172341591343,0.427558253184298,0
"NYM",2026,2026-09-18,"PHI",1,41,4.00533299301698,4.36172341591343,0.427558253184298,0
"NYM",2026,2026-09-19,"PHI",1,42,3.98969041830782,4.36172341591343,0.427558253184298,0
"NYM",2026,2026-09-20,"PHI",1,43,3.98969041830782,4.35200298792767,0.427558253184298,0
"NYM",2026,2026-09-22,"TEX",0,44,4.34366847034348,4.30493416085401,0.491433983041018,0
"NYM",2026,2026-09-23,"TEX",0,45,4.34366847034348,4.30493416085401,0.491433983041018,0
"NYM",2026,2026-09-24,"TEX",0,46,4.32524633641924,4.30493416085401,0.491433983041018,0
"NYM",2026,2026-09-25,"WSN",0,47,4.75853099158022,4.74225970627941,0.477984363273409,0
"NYM",2026,2026-09-26,"WSN",0,48,4.75853099158022,4.74225970627941,0.477984363273409,0
"NYM",2026,2026-09-27,"WSN",0,49,4.71038207405387,4.74225970627941,0.477984363273409,0
"NYY",2026,2026-08-04,"STL",1,1,4.8374892460224,3.73122822939561,0.571368709187293,1
"NYY",2026,2026-08-05,"STL",1,2,4.8374892460224,3.73122822939561,0.571368709187293,1
"NYY",2026,2026-08-07,"ATL",1,3,4.27006194203381,4.36314200380957,0.480193573571032,0
"NYY",2026,2026-08-08,"ATL",1,4,4.27006194203381,4.36314200380957,0.480193573571032,0
"NYY",2026,2026-08-09,"ATL",1,5,4.26859523426553,4.36314200380957,0.480193573571032,0
"NYY",2026,2026-08-11,"SEA",1,6,4.35651219114054,3.7250453665474,0.585120342629891,1
"NYY",2026,2026-08-12,"SEA",1,7,4.35651219114054,3.7250453665474,0.585120342629891,1
"NYY",2026,2026-08-13,"SEA",1,8,4.35823545518414,3.7250453665474,0.585120342629891,1
"NYY",2026,2026-08-14,"TOR",0,9,4.77880006540338,3.69532538787783,0.608959597789598,1
"NYY",2026,2026-08-15,"TOR",0,10,4.77880006540338,3.69532538787783,0.608959597789598,1
"NYY",2026,2026-08-16,"TOR",0,11,4.77880006540338,3.69532538787783,0.608959597789598,1
"NYY",2026,2026-08-18,"BAL",0,12,4.8245451090597,3.88408043503593,0.587002029229231,1
"NYY",2026,2026-08-19,"BAL",0,13,4.8245451090597,3.88215593779147,0.587002029229231,1
"NYY",2026,2026-08-20,"BAL",0,14,4.8245451090597,3.88215593779147,0.587002029229231,1
"NYY",2026,2026-08-21,"TOR",1,15,4.77913126890189,3.69340089063337,0.608959597789598,1
"NYY",2026,2026-08-22,"TOR",1,16,4.76817348753382,3.69340089063337,0.608959597789598,1
"NYY",2026,2026-08-23,"TOR",1,17,4.76817348753382,3.69340089063337,0.608959597789598,1
"NYY",2026,2026-08-25,"HOU",1,18,4.80946418360146,4.04620819068692,0.584818937087806,1
"NYY",2026,2026-08-26,"HOU",1,19,4.80946418360146,4.04620819068692,0.584818937087806,1
"NYY",2026,2026-08-27,"HOU",1,20,4.81042379309174,4.04620819068692,0.584818937087806,1
"NYY",2026,2026-08-28,"BOS",1,21,4.32828169813568,3.95700221866816,0.516672779724781,1
"NYY",2026,2026-08-29,"BOS",1,22,4.32828169813568,3.95700221866816,0.516672779724781,1
"NYY",2026,2026-08-29,"BOS",1,23,4.32828169813568,3.95700221866816,0.516672779724781,1
"NYY",2026,2026-08-30,"BOS",1,24,4.32828169813568,3.95700221866816,0.516672779724781,1
"NYY",2026,2026-08-31,"LAA",0,25,5.04506940570157,3.73505022083028,0.627303769738915,1
"NYY",2026,2026-09-01,"LAA",0,26,5.04506940570157,3.73505022083028,0.627303769738915,1
"NYY",2026,2026-09-02,"LAA",0,27,5.04506940570157,3.73573065165047,0.627303769738915,1
"NYY",2026,2026-09-04,"SDP",0,28,4.6243325642726,3.84563969992662,0.548498291372829,1
"NYY",2026,2026-09-05,"SDP",0,29,4.62295388306654,3.84563969992662,0.548498291372829,1
"NYY",2026,2026-09-06,"SDP",0,30,4.61982630734111,3.84563969992662,0.548498291372829,1
"NYY",2026,2026-09-08,"COL",1,31,5.66082921143063,4.02083311638394,0.621440057969611,1
"NYY",2026,2026-09-09,"COL",1,32,5.65240564489893,4.05111960069453,0.621440057969611,1
"NYY",2026,2026-09-10,"COL",1,33,5.65240564489893,4.05111960069453,0.621440057969611,1
"NYY",2026,2026-09-11,"NYM",1,34,4.96209154382594,3.77421299250691,0.602316870898299,1
"NYY",2026,2026-09-12,"NYM",1,35,4.95869904727637,3.74913072971203,0.602316870898299,1
"NYY",2026,2026-09-13,"NYM",1,36,4.95869904727637,3.74345331361897,0.602316870898299,1
"NYY",2026,2026-09-14,"MIN",0,37,5.10204232625024,3.99576708136148,0.617822441459006,1
"NYY",2026,2026-09-15,"MIN",0,38,5.09626820924573,3.99576708136148,0.617822441459006,1
"NYY",2026,2026-09-16,"MIN",0,39,5.09626820924573,3.99576708136148,0.617822441459006,1
"NYY",2026,2026-09-18,"ARI",0,40,4.41974984291606,3.92709247442755,0.531848495312383,1
"NYY",2026,2026-09-19,"ARI",0,41,4.40436537524679,3.92709247442755,0.531848495312383,1
"NYY",2026,2026-09-20,"ARI",0,42,4.39905168475802,3.92709247442755,0.531848495312383,1
"NYY",2026,2026-09-22,"TBR",1,43,4.11769367604773,3.88212505396721,0.517343878052135,1
"NYY",2026,2026-09-22,"TBR",1,44,4.11568290733895,3.88212505396721,0.517343878052135,1
"NYY",2026,2026-09-23,"TBR",1,45,4.11568290733895,3.88212505396721,0.517343878052135,1
"NYY",2026,2026-09-24,"TBR",1,46,4.09745221742044,3.88212505396721,0.517343878052135,1
"NYY",2026,2026-09-25,"BAL",1,47,4.75657029802297,3.85413373782298,0.587002029229231,1
"NYY",2026,2026-09-26,"BAL",1,48,4.75657029802297,3.85413373782298,0.587002029229231,1
"NYY",2026,2026-09-27,"BAL",1,49,4.73302308977057,3.85413373782298,0.587002029229231,1
"NYY",2026,2026-09-28,"STL",1,50,4.78280981377598,3.70745031491506,0.571368709187293,1
"OAK",2026,2026-08-04,"CIN",0,1,4.71310648296608,5.02659975616522,0.487460833943247,0
"OAK",2026,2026-08-05,"CIN",0,2,4.71310648296608,5.02659975616522,0.487460833943247,0
"OAK",2026,2026-08-06,"CIN",0,3,4.71310648296608,5.02659975616522,0.487460833943247,0
"OAK",2026,2026-08-07,"BOS",0,4,4.0282920280275,5.34537974253404,0.361868341352352,0
"OAK",2026,2026-08-08,"BOS",0,5,4.02682532025922,5.34537974253404,0.361868341352352,0
"OAK",2026,2026-08-09,"BOS",0,6,4.02682532025922,5.34537974253404,0.361868341352352,0
"OAK",2026,2026-08-10,"TBR",1,7,3.87033060133497,5.24552506175915,0.385724773964465,0
"OAK",2026,2026-08-11,"TBR",1,8,3.87205386537856,5.24552506175915,0.385724773964465,0
"OAK",2026,2026-08-12,"TBR",1,9,3.87205386537856,5.24552506175915,0.385724773964465,0
"OAK",2026,2026-08-14,"TEX",1,10,4.4923456370341,5.03305161596456,0.456455107440225,0
"OAK",2026,2026-08-15,"TEX",1,11,4.4923456370341,5.03305161596456,0.456455107440225,0
"OAK",2026,2026-08-16,"TEX",1,12,4.49474134720489,5.03305161596456,0.456455107440225,0
"OAK",2026,2026-08-17,"KCR",0,13,5.07970042200032,5.07642098448727,0.525945933551666,1
"OAK",2026,2026-08-18,"KCR",0,14,5.07970042200032,5.07642098448727,0.525945933551666,1
"OAK",2026,2026-08-19,"KCR",0,15,5.07515583296665,5.07642098448727,0.525945933551666,1
"OAK",2026,2026-08-20,"KCR",0,16,5.06419805159858,5.07642098448727,0.525945933551666,1
"OAK",2026,2026-08-21,"HOU",0,17,4.67570083828461,5.42238429472726,0.465927630866407,0
"OAK",2026,2026-08-22,"HOU",0,18,4.67570083828461,5.42238429472726,0.465927630866407,0
"OAK",2026,2026-08-23,"HOU",0,19,4.67570083828461,5.42238429472726,0.465927630866407,0
"OAK",2026,2026-08-24,"MIN",1,20,4.8516611756634,5.35278598025629,0.495302416804169,0
"OAK",2026,2026-08-25,"MIN",1,21,4.8516611756634,5.35278598025629,0.495302416804169,0
"OAK",2026,2026-08-26,"MIN",1,22,4.8516611756634,5.35278598025629,0.495302416804169,0
"OAK",2026,2026-08-28,"BAL",1,23,4.5747352059843,5.21496567944524,0.449230922907526,0
"OAK",2026,2026-08-29,"BAL",1,24,4.5747352059843,5.21496567944524,0.449230922907526,0
"OAK",2026,2026-08-30,"BAL",1,25,4.5747352059843,5.21496567944524,0.449230922907526,0
"OAK",2026,2026-08-31,"TEX",0,26,4.48818273539561,5.10117760565364,0.456455107440225,0
"OAK",2026,2026-09-01,"TEX",0,27,4.48818273539561,5.0487507552804,0.456455107440225,0
"OAK",2026,2026-09-02,"TEX",0,28,4.48818273539561,5.0487507552804,0.456455107440225,0
"OAK",2026,2026-09-03,"SEA",0,29,4.09632930919136,5.05646168255914,0.424108062635796,0
"OAK",2026,2026-09-04,"SEA",0,30,4.09611715194047,5.05646168255914,0.424108062635796,0
"OAK",2026,2026-09-05,"SEA",0,31,4.09611715194047,5.05646168255914,0.424108062635796,0
"OAK",2026,2026-09-06,"SEA",0,32,4.08769358540877,5.04873435783801,0.424108062635796,0
"OAK",2026,2026-09-07,"TOR",1,33,4.34893269594482,4.95684119250793,0.477190499093855,0
"OAK",2026,2026-09-08,"TOR",1,34,4.34893269594482,4.95684119250793,0.477190499093855,0
"OAK",2026,2026-09-09,"TOR",1,35,4.34561618474255,4.92196924530898,0.477190499093855,0
"OAK",2026,2026-09-11,"SEA",1,36,4.08430108885921,5.00113881290313,0.424108062635796,0
"OAK",2026,2026-09-12,"SEA",1,37,4.08430108885921,4.98879858740996,0.424108062635796,0
"OAK",2026,2026-09-13,"SEA",1,38,4.0785269718547,4.98879858740996,0.424108062635796,0
"OAK",2026,2026-09-15,"TBR",0,39,3.83874040367795,5.19356110592581,0.385724773964465,0
"OAK",2026,2026-09-16,"TBR",0,40,3.83874040367795,5.19356110592581,0.385724773964465,0
"OAK",2026,2026-09-17,"TBR",0,41,3.82956132093735,5.19356110592581,0.385724773964465,0
"OAK",2026,2026-09-18,"CLE",0,42,3.71765913936946,4.97496250592347,0.409360354463906,0
"OAK",2026,2026-09-19,"CLE",0,43,3.71765913936946,4.94367318618396,0.409360354463906,0
"OAK",2026,2026-09-20,"CLE",0,44,3.71418324881991,4.94367318618396,0.409360354463906,0
"OAK",2026,2026-09-22,"LAA",1,45,4.66858337873152,4.94469738215486,0.519593550171443,1
"OAK",2026,2026-09-23,"LAA",1,46,4.64770841867765,4.94469738215486,0.519593550171443,1
"OAK",2026,2026-09-24,"HOU",1,47,4.59422529487248,5.32267925533509,0.465927630866407,0
"OAK",2026,2026-09-25,"HOU",1,48,4.59422529487248,5.32267925533509,0.465927630866407,0
"OAK",2026,2026-09-26,"HOU",1,49,4.5565746742708,5.32267925533509,0.465927630866407,0
"OAK",2026,2026-09-27,"HOU",1,50,4.5565746742708,5.32267925533509,0.465927630866407,0
"PHI",2026,2026-08-04,"WSN",1,1,5.13532193152512,4.5198789689111,0.540827286296012,1
"PHI",2026,2026-08-05,"WSN",1,2,5.13532193152512,4.5198789689111,0.540827286296012,1
"PHI",2026,2026-08-06,"WSN",1,3,5.13532193152512,4.5198789689111,0.540827286296012,1
"PHI",2026,2026-08-07,"TOR",1,4,4.49305301094358,4.09065577227085,0.562836945332443,1
"PHI",2026,2026-08-08,"TOR",1,5,4.4915863031753,4.09065577227085,0.562836945332443,1
"PHI",2026,2026-08-09,"TOR",1,6,4.4915863031753,4.09065577227085,0.562836945332443,1
"PHI",2026,2026-08-10,"STL",0,7,4.59451459464344,4.13881223041199,0.52231519863501,1
"PHI",2026,2026-08-11,"STL",0,8,4.59623785868704,4.13881223041199,0.52231519863501,1
"PHI",2026,2026-08-12,"STL",0,9,4.59623785868704,4.13881223041199,0.52231519863501,1
"PHI",2026,2026-08-13,"MIN",0,10,4.90176917359189,4.37251005672244,0.571028877063974,1
"PHI",2026,2026-08-15,"MIN",0,11,4.90176917359189,4.37251005672244,0.571028877063974,1
"PHI",2026,2026-08-16,"MIN",0,12,4.90416488376268,4.37251005672244,0.571028877063974,1
"PHI",2026,2026-08-17,"MIA",1,13,4.55832128717929,4.23573461930716,0.512761898247461,1
"PHI",2026,2026-08-18,"MIA",1,14,4.55832128717929,4.23573461930716,0.512761898247461,1
"PHI",2026,2026-08-19,"MIA",1,15,4.55377669814562,4.23573461930716,0.512761898247461,1
"PHI",2026,2026-08-21,"STL",1,16,4.60271301048309,4.13688773316754,0.52231519863501,1
"PHI",2026,2026-08-22,"STL",1,17,4.60271301048309,4.13688773316754,0.52231519863501,1
"PHI",2026,2026-08-23,"STL",1,18,4.60271301048309,4.13688773316754,0.52231519863501,1
"PHI",2026,2026-08-24,"SEA",0,19,4.18905870139562,4.13776645086823,0.527508947936644,1
"PHI",2026,2026-08-25,"SEA",0,20,4.19138122050543,4.13776645086823,0.527508947936644,1
"PHI",2026,2026-08-26,"SEA",0,21,4.19138122050543,4.13776645086823,0.527508947936644,1
"PHI",2026,2026-08-28,"LAA",0,22,4.76175409295907,4.13804439573515,0.592914815989999,1
"PHI",2026,2026-08-29,"LAA",0,23,4.76175409295907,4.13804439573515,0.592914815989999,1
"PHI",2026,2026-08-30,"LAA",0,24,4.76175409295907,4.13804439573515,0.592914815989999,1
"PHI",2026,2026-08-31,"ARI",0,25,4.26472789743437,4.34714786327219,0.485326729361772,0
"PHI",2026,2026-09-01,"ARI",0,26,4.26472789743437,4.34714786327219,0.485326729361772,0
"PHI",2026,2026-09-02,"ARI",0,27,4.26472789743437,4.34782829409238,0.485326729361772,0
"PHI",2026,2026-09-04,"ATL",1,28,4.07166226224024,4.59138069901075,0.427347318245013,0
"PHI",2026,2026-09-05,"ATL",1,29,4.06263898878642,4.59138069901075,0.427347318245013,0
"PHI",2026,2026-09-06,"ATL",1,30,4.05359587315234,4.59138069901075,0.427347318245013,0
"PHI",2026,2026-09-07,"ATL",1,31,4.05359587315234,4.59138069901075,0.427347318245013,0
"PHI",2026,2026-09-08,"HOU",1,32,4.58503690969702,4.4265728851243,0.551157063808126,1
"PHI",2026,2026-09-09,"HOU",1,33,4.58503690969702,4.4265728851243,0.551157063808126,1
"PHI",2026,2026-09-10,"HOU",1,34,4.58503690969702,4.4265728851243,0.551157063808126,1
"PHI",2026,2026-09-11,"ATL",0,35,4.04185579541837,4.55857111149473,0.427347318245013,0
"PHI",2026,2026-09-12,"ATL",0,36,4.04185579541837,4.55289369540167,0.427347318245013,0
"PHI",2026,2026-09-13,"ATL",0,37,4.04185579541837,4.5405534699085,0.427347318245013,0
"PHI",2026,2026-09-15,"WSN",0,38,5.07286851172757,4.46303417730987,0.540827286296012,1
"PHI",2026,2026-09-16,"WSN",0,39,5.07286851172757,4.46303417730987,0.540827286296012,1
"PHI",2026,2026-09-17,"NYM",0,40,4.70476739430381,4.10709318461417,0.561553730676975,1
"PHI",2026,2026-09-18,"NYM",0,41,4.6955883115632,4.10709318461417,0.561553730676975,1
"PHI",2026,2026-09-19,"NYM",0,42,4.68756560523859,4.10709318461417,0.561553730676975,1
"PHI",2026,2026-09-20,"NYM",0,43,4.68756560523859,4.09737275662842,0.561553730676975,1
"PHI",2026,2026-09-22,"MIL",1,44,3.92988284122311,4.59462195428518,0.414752061270332,0
"PHI",2026,2026-09-23,"MIL",1,45,3.92988284122311,4.59462195428518,0.414752061270332,0
"PHI",2026,2026-09-24,"MIL",1,46,3.9116521513046,4.59462195428518,0.414752061270332,0
"PHI",2026,2026-09-25,"TBR",1,47,3.87700073874383,4.2141710066141,0.461157667879044,0
"PHI",2026,2026-09-26,"TBR",1,48,3.87700073874383,4.2141710066141,0.461157667879044,0
"PHI",2026,2026-09-27,"TBR",1,49,3.85563263069826,4.2141710066141,0.461157667879044,0
"PHI",2026,2026-09-28,"WSN",1,50,4.94464147416666,4.44395519917258,0.540827286296012,1
"PIT",2026,2026-08-04,"MIL",0,1,4.27084613970448,5.23359854768395,0.372191609346349,0
"PIT",2026,2026-08-05,"MIL",0,2,4.27084613970448,5.23359854768395,0.372191609346349,0
"PIT",2026,2026-08-06,"MIL",0,3,4.27084613970448,5.23359854768395,0.372191609346349,0
"PIT",2026,2026-08-07,"NYM",1,4,5.06962182080602,4.55249710529011,0.513352902453538,1
"PIT",2026,2026-08-08,"NYM",1,5,5.06815511303774,4.55249710529011,0.513352902453538,1
"PIT",2026,2026-08-09,"NYM",1,6,5.06815511303774,4.55249710529011,0.513352902453538,1
"PIT",2026,2026-08-11,"MIA",0,7,4.9603629735307,4.67418597307001,0.465929123125767,0
"PIT",2026,2026-08-12,"MIA",0,8,4.9620862375743,4.67418597307001,0.465929123125767,0
"PIT",2026,2026-08-13,"MIA",0,9,4.9620862375743,4.67418597307001,0.465929123125767,0
"PIT",2026,2026-08-14,"BOS",1,10,4.42016169890225,4.80609280553817,0.415528086645992,0
"PIT",2026,2026-08-15,"BOS",1,11,4.42016169890225,4.80609280553817,0.415528086645992,0
"PIT",2026,2026-08-16,"BOS",1,12,4.39912177829152,4.80609280553817,0.415528086645992,0
"PIT",2026,2026-08-17,"DET",1,13,4.52096763704588,4.95158763407169,0.453697178726545,0
"PIT",2026,2026-08-18,"DET",1,14,4.52096763704588,4.95158763407169,0.453697178726545,0
"PIT",2026,2026-08-19,"DET",1,15,4.51890313037361,4.95158763407169,0.453697178726545,0
"PIT",2026,2026-08-21,"LAD",0,16,4.12550119845509,5.23948062536144,0.391909005877251,0
"PIT",2026,2026-08-22,"LAD",0,17,4.12550119845509,5.23948062536144,0.391909005877251,0
"PIT",2026,2026-08-23,"LAD",0,18,4.12550119845509,5.23948062536144,0.391909005877251,0
"PIT",2026,2026-08-24,"SDP",0,19,4.89451383322072,4.62548743522805,0.450451640641764,0
"PIT",2026,2026-08-25,"SDP",0,20,4.89105636987334,4.62548743522805,0.450451640641764,0
"PIT",2026,2026-08-26,"SDP",0,21,4.89105636987334,4.62548743522805,0.450451640641764,0
"PIT",2026,2026-08-28,"STL",0,22,4.86141737751013,4.52814112669117,0.488329246551004,0
"PIT",2026,2026-08-29,"STL",0,23,4.86141737751013,4.52814112669117,0.488329246551004,0
"PIT",2026,2026-08-30,"STL",0,24,4.86141737751013,4.52814112669117,0.488329246551004,0
"PIT",2026,2026-09-01,"SFG",1,25,4.84276901298108,4.64897589235565,0.540768147757806,1
"PIT",2026,2026-09-02,"SFG",1,26,4.84276901298108,4.64897589235565,0.540768147757806,1
"PIT",2026,2026-09-03,"SFG",1,27,4.84276901298108,4.63067260140129,0.540768147757806,1
"PIT",2026,2026-09-04,"LAA",1,28,5.1101414238639,4.47787099620537,0.559905115379085,1
"PIT",2026,2026-09-05,"LAA",1,29,5.08573746954189,4.47787099620537,0.559905115379085,1
"PIT",2026,2026-09-06,"LAA",1,30,5.07389405263785,4.47787099620537,0.559905115379085,1
"PIT",2026,2026-09-08,"CHW",0,31,4.85976346410638,5.03914729364244,0.448942046850182,0
"PIT",2026,2026-09-09,"CHW",0,32,4.85133989757468,5.02769483394659,0.448942046850182,0
"PIT",2026,2026-09-10,"CHW",0,33,4.85133989757468,5.02769483394659,0.448942046850182,0
"PIT",2026,2026-09-11,"CHC",0,34,4.44481781140401,5.34543436404366,0.396217304230883,0
"PIT",2026,2026-09-12,"CHC",0,35,4.43691729072666,5.32354186866792,0.396217304230883,0
"PIT",2026,2026-09-13,"CHC",0,36,4.43691729072666,5.31081827093199,0.396217304230883,0
"PIT",2026,2026-09-15,"MIL",1,37,4.22478856655791,5.12083842176556,0.372191609346349,0
"PIT",2026,2026-09-16,"MIL",1,38,4.2190144495534,5.12083842176556,0.372191609346349,0
"PIT",2026,2026-09-17,"MIL",1,39,4.2190144495534,5.12083842176556,0.372191609346349,0
"PIT",2026,2026-09-18,"KCR",1,40,5.36720975226281,4.45050302387699,0.549316933165211,1
"PIT",2026,2026-09-19,"KCR",1,41,5.32350649279561,4.45050302387699,0.549316933165211,1
"PIT",2026,2026-09-20,"KCR",1,42,5.32285751065912,4.45050302387699,0.549316933165211,1
"PIT",2026,2026-09-22,"STL",1,43,4.84349294810827,4.40439530261235,0.488329246551004,0
"PIT",2026,2026-09-23,"STL",1,44,4.84001705755873,4.40439530261235,0.488329246551004,0
"PIT",2026,2026-09-24,"STL",1,45,4.84001705755873,4.40439530261235,0.488329246551004,0
"PIT",2026,2026-09-25,"DET",0,46,4.49535690959084,4.85260681926022,0.453697178726545,0
"PIT",2026,2026-09-26,"DET",0,47,4.49535690959084,4.85260681926022,0.453697178726545,0
"PIT",2026,2026-09-27,"DET",0,48,4.49535690959084,4.85260681926022,0.453697178726545,0
"PIT",2026,2026-09-28,"MIL",0,49,4.31874068291088,5.12008000326766,0.372191609346349,0
"SDP",2026,2026-08-04,"ARI",0,1,4.20297683327946,4.44433359376003,0.479991232023651,0
"SDP",2026,2026-08-05,"ARI",0,2,4.20297683327946,4.44433359376003,0.479991232023651,0
"SDP",2026,2026-08-06,"ARI",0,3,4.20297683327946,4.44433359376003,0.479991232023651,0
"SDP",2026,2026-08-07,"HOU",1,4,4.53051967949191,4.61552295140495,0.544177708390971,1
"SDP",2026,2026-08-08,"HOU",1,5,4.53717406562162,4.61552295140495,0.544177708390971,1
"SDP",2026,2026-08-09,"HOU",1,6,4.53717406562162,4.61552295140495,0.544177708390971,1
"SDP",2026,2026-08-10,"MIL",1,7,3.8911516961604,4.81277236980566,0.420182238309649,0
"SDP",2026,2026-08-11,"MIL",1,8,3.892874960204,4.81277236980566,0.420182238309649,0
"SDP",2026,2026-08-12,"MIL",1,9,3.892874960204,4.81277236980566,0.420182238309649,0
"SDP",2026,2026-08-14,"CLE",0,10,3.86004892914326,4.2491335939436,0.502193322146658,1
"SDP",2026,2026-08-15,"CLE",0,11,3.86004892914326,4.2491335939436,0.502193322146658,1
"SDP",2026,2026-08-16,"CLE",0,12,3.83900900853252,4.2491335939436,0.502193322146658,1
"SDP",2026,2026-08-17,"NYM",0,13,4.63599898757543,4.2494079855786,0.561058283616221,1
"SDP",2026,2026-08-18,"NYM",0,14,4.63599898757543,4.2494079855786,0.561058283616221,1
"SDP",2026,2026-08-19,"NYM",0,15,4.63863498862892,4.2494079855786,0.561058283616221,1
"SDP",2026,2026-08-21,"MIN",1,16,4.80475097401167,4.56692755760716,0.572759030254612,1
"SDP",2026,2026-08-22,"MIN",1,17,4.80475097401167,4.56692755760716,0.572759030254612,1
"SDP",2026,2026-08-23,"MIN",1,18,4.80475097401167,4.56692755760716,0.572759030254612,1
"SDP",2026,2026-08-24,"PIT",1,19,4.51779137745094,4.66147519574554,0.550563952031106,1
"SDP",2026,2026-08-25,"PIT",1,20,4.51875098694121,4.66147519574554,0.550563952031106,1
"SDP",2026,2026-08-26,"PIT",1,21,4.51875098694121,4.66147519574554,0.550563952031106,1
"SDP",2026,2026-08-28,"TBR",0,22,3.90494178187239,4.37619919824995,0.470284473977789,0
"SDP",2026,2026-08-29,"TBR",0,23,3.90494178187239,4.37619919824995,0.470284473977789,0
"SDP",2026,2026-08-30,"TBR",0,24,3.90494178187239,4.37619919824995,0.470284473977789,0
"SDP",2026,2026-08-31,"CIN",0,25,4.63507285254958,4.27476688886817,0.568280423827284,1
"SDP",2026,2026-09-01,"CIN",0,26,4.63507285254958,4.27476688886817,0.568280423827284,1
"SDP",2026,2026-09-02,"CIN",0,27,4.63507285254958,4.30399349452184,0.568280423827284,1
"SDP",2026,2026-09-04,"NYY",1,28,3.67820251649422,4.57358721988217,0.443865634017271,0
"SDP",2026,2026-09-05,"NYY",1,29,3.65963282030656,4.57358721988217,0.443865634017271,0
"SDP",2026,2026-09-06,"NYY",1,30,3.65058970467247,4.57358721988217,0.443865634017271,0
"SDP",2026,2026-09-07,"WSN",1,31,5.01227857836423,4.7099636637196,0.533362952687501,1
"SDP",2026,2026-09-08,"WSN",1,32,5.00385501183253,4.70223633899846,0.533362952687501,1
"SDP",2026,2026-09-09,"WSN",1,33,5.00385501183253,4.70223633899846,0.533362952687501,1
"SDP",2026,2026-09-11,"SFG",0,34,4.40278556744993,4.32517960739592,0.584088475500197,1
"SDP",2026,2026-09-12,"SFG",0,35,4.39488504677258,4.31186994325622,0.584088475500197,1
"SDP",2026,2026-09-13,"SFG",0,36,4.39488504677258,4.30619252716316,0.584088475500197,1
"SDP",2026,2026-09-14,"COL",0,37,5.25012900406464,4.45118271736738,0.582072136939996,1
"SDP",2026,2026-09-15,"COL",0,38,5.24435488706013,4.45118271736738,0.582072136939996,1
"SDP",2026,2026-09-16,"COL",0,39,5.24435488706013,4.45118271736738,0.582072136939996,1
"SDP",2026,2026-09-17,"COL",0,40,5.24435488706013,4.45118271736738,0.582072136939996,1
"SDP",2026,2026-09-18,"MIA",1,41,4.46956077463374,4.34407943891932,0.51560175588001,1
"SDP",2026,2026-09-19,"MIA",1,42,4.44777975674452,4.34407943891932,0.51560175588001,1
"SDP",2026,2026-09-20,"MIA",1,43,4.44777975674452,4.33435901093357,0.51560175588001,1
"SDP",2026,2026-09-22,"LAD",0,44,3.74821745902277,4.78606679265351,0.433002628334314,0
"SDP",2026,2026-09-23,"LAD",0,45,3.74821745902277,4.78606679265351,0.433002628334314,0
"SDP",2026,2026-09-24,"LAD",0,46,3.72998676910426,4.78606679265351,0.433002628334314,0
"SDP",2026,2026-09-25,"ARI",1,47,4.15673669730403,4.41350209358488,0.479991232023651,0
"SDP",2026,2026-09-26,"ARI",1,48,4.15673669730403,4.41350209358488,0.479991232023651,0
"SDP",2026,2026-09-27,"ARI",1,49,4.13536858925846,4.41350209358488,0.479991232023651,0
"SDP",2026,2026-09-28,"ARI",0,50,4.13536858925846,4.41350209358488,0.479991232023651,0
"SEA",2026,2026-08-04,"DET",1,1,4.13530448794054,4.26814928962582,0.479877563845469,0
"SEA",2026,2026-08-05,"DET",1,2,4.13530448794054,4.26814928962582,0.479877563845469,0
"SEA",2026,2026-08-06,"DET",1,3,4.13530448794054,4.26814928962582,0.479877563845469,0
"SEA",2026,2026-08-07,"TBR",1,4,3.78249643088577,4.15766383822006,0.443340666109941,0
"SEA",2026,2026-08-08,"TBR",1,5,3.78524895576453,4.15766383822006,0.443340666109941,0
"SEA",2026,2026-08-09,"TBR",1,6,3.78524895576453,4.15766383822006,0.443340666109941,0
"SEA",2026,2026-08-11,"NYY",0,7,3.60045164685993,4.3013743903246,0.416598120631775,0
"SEA",2026,2026-08-12,"NYY",0,8,3.60217491090353,4.3013743903246,0.416598120631775,0
"SEA",2026,2026-08-13,"NYY",0,9,3.60217491090353,4.3013743903246,0.416598120631775,0
"SEA",2026,2026-08-14,"HOU",0,10,4.45295158520974,4.28844209228754,0.538755924320969,1
"SEA",2026,2026-08-15,"HOU",0,11,4.45295158520974,4.28844209228754,0.538755924320969,1
"SEA",2026,2026-08-16,"HOU",0,12,4.431911664599,4.28844209228754,0.538755924320969,1
"SEA",2026,2026-08-18,"MIL",0,13,3.76602315733463,4.54800701191812,0.400165231656987,0
"SEA",2026,2026-08-19,"MIL",0,14,3.76602315733463,4.54800701191812,0.400165231656987,0
"SEA",2026,2026-08-20,"MIL",0,15,3.76865915838812,4.54800701191812,0.400165231656987,0
"SEA",2026,2026-08-21,"CHC",1,16,3.91666173585663,4.6363256067267,0.42032858366592,0
"SEA",2026,2026-08-22,"CHC",1,17,3.91666173585663,4.6363256067267,0.42032858366592,0
"SEA",2026,2026-08-23,"CHC",1,18,3.91666173585663,4.6363256067267,0.42032858366592,0
"SEA",2026,2026-08-24,"PHI",1,19,4.06433934013583,4.06985112368503,0.470552347718765,0
"SEA",2026,2026-08-25,"PHI",1,20,4.0652989496261,4.06985112368503,0.470552347718765,0
"SEA",2026,2026-08-26,"PHI",1,21,4.0652989496261,4.06985112368503,0.470552347718765,0
"SEA",2026,2026-08-28,"TOR",0,22,4.31771205507127,3.98637972674481,0.558033916751811,1
"SEA",2026,2026-08-29,"TOR",0,23,4.31771205507127,3.98637972674481,0.558033916751811,1
"SEA",2026,2026-08-30,"TOR",0,24,4.31771205507127,3.98637972674481,0.558033916751811,1
"SEA",2026,2026-08-31,"BOS",0,25,3.9686359081639,4.24322815365846,0.43805133734886,0
"SEA",2026,2026-09-01,"BOS",0,26,3.9686359081639,4.24322815365846,0.43805133734886,0
"SEA",2026,2026-09-02,"BOS",0,27,3.9686359081639,4.23457008647249,0.43805133734886,0
"SEA",2026,2026-09-03,"OAK",1,28,4.79866567736497,4.04876094642813,0.585795519195998,1
"SEA",2026,2026-09-04,"OAK",1,29,4.79309271703213,4.04876094642813,0.585795519195998,1
"SEA",2026,2026-09-05,"OAK",1,30,4.81994361047738,4.04876094642813,0.585795519195998,1
"SEA",2026,2026-09-06,"OAK",1,31,4.81994361047738,4.04876094642813,0.585795519195998,1
"SEA",2026,2026-09-08,"TEX",1,32,4.42303074692083,4.0409966834982,0.537383998607356,1
"SEA",2026,2026-09-09,"TEX",1,33,4.42303074692083,4.0409966834982,0.537383998607356,1
"SEA",2026,2026-09-10,"TEX",1,34,4.42303074692083,4.0409966834982,0.537383998607356,1
"SEA",2026,2026-09-11,"OAK",0,35,4.80361952326832,4.02772395756729,0.585795519195998,1
"SEA",2026,2026-09-12,"OAK",0,36,4.80361952326832,4.02204654147423,0.585795519195998,1
"SEA",2026,2026-09-13,"OAK",0,37,4.80361952326832,4.01030878794711,0.585795519195998,1
"SEA",2026,2026-09-14,"LAA",0,38,4.50802355756126,3.97834564790761,0.588226370172255,1
"SEA",2026,2026-09-15,"LAA",0,39,4.50802355756126,3.97834564790761,0.588226370172255,1
"SEA",2026,2026-09-16,"LAA",0,40,4.50802355756126,3.97834564790761,0.588226370172255,1
"SEA",2026,2026-09-18,"COL",0,41,5.03485921433224,4.16791996411687,0.570091363488703,1
"SEA",2026,2026-09-19,"COL",0,42,5.03901173501299,4.16791996411687,0.570091363488703,1
"SEA",2026,2026-09-20,"COL",0,43,5.03901173501299,4.14884098597957,0.570091363488703,1
"SEA",2026,2026-09-22,"HOU",1,44,4.34661971553328,4.2242199758777,0.538755924320969,1
"SEA",2026,2026-09-23,"HOU",1,45,4.34661971553328,4.2242199758777,0.538755924320969,1
"SEA",2026,2026-09-24,"LAA",1,46,4.48550493194764,3.96862521992186,0.588226370172255,1
"SEA",2026,2026-09-25,"LAA",1,47,4.48550493194764,3.96862521992186,0.588226370172255,1
"SEA",2026,2026-09-26,"LAA",1,48,4.48550493194764,3.96862521992186,0.588226370172255,1
"SEA",2026,2026-09-27,"LAA",1,49,4.43840254574769,3.96862521992186,0.588226370172255,1
"SFG",2026,2026-08-04,"TEX",0,1,4.52662142212712,4.49027543236155,0.473465547879433,0
"SFG",2026,2026-08-05,"TEX",0,2,4.52662142212712,4.49027543236155,0.473465547879433,0
"SFG",2026,2026-08-07,"DET",1,3,4.20108694183353,4.75943358666802,0.4236491962327,0
"SFG",2026,2026-08-08,"DET",1,4,4.20108694183353,4.75943358666802,0.4236491962327,0
"SFG",2026,2026-08-09,"DET",1,5,4.2038394667123,4.75943358666802,0.4236491962327,0
"SFG",2026,2026-08-10,"HOU",1,6,4.56313294839301,4.73375924737567,0.478710533405147,0
"SFG",2026,2026-08-11,"HOU",1,7,4.56313294839301,4.73375924737567,0.478710533405147,0
"SFG",2026,2026-08-12,"HOU",1,8,4.56485621243661,4.73375924737567,0.478710533405147,0
"SFG",2026,2026-08-14,"COL",1,9,4.94819517915289,4.63203542506447,0.50460844527866,1
"SFG",2026,2026-08-15,"COL",1,10,4.94819517915289,4.63203542506447,0.50460844527866,1
"SFG",2026,2026-08-16,"COL",1,11,4.94819517915289,4.63203542506447,0.50460844527866,1
"SFG",2026,2026-08-18,"CLE",0,12,3.75059603035879,4.42107433088094,0.430703581702147,0
"SFG",2026,2026-08-19,"CLE",0,13,3.75059603035879,4.41914983363648,0.430703581702147,0
"SFG",2026,2026-08-20,"CLE",0,14,3.75059603035879,4.41914983363648,0.430703581702147,0
"SFG",2026,2026-08-21,"BOS",0,15,4.03941372469304,4.68710563044099,0.385278143628473,0
"SFG",2026,2026-08-22,"BOS",0,16,4.04085716526481,4.68710563044099,0.385278143628473,0
"SFG",2026,2026-08-23,"BOS",0,17,4.04085716526481,4.68710563044099,0.385278143628473,0
"SFG",2026,2026-08-24,"CIN",1,18,4.65667722020204,4.49836046435502,0.499165558638508,0
"SFG",2026,2026-08-25,"CIN",1,19,4.65667722020204,4.49836046435502,0.499165558638508,0
"SFG",2026,2026-08-26,"CIN",1,20,4.65763682969231,4.49836046435502,0.499165558638508,0
"SFG",2026,2026-08-27,"ARI",1,21,4.10022601147091,4.63530491045993,0.407791608017838,0
"SFG",2026,2026-08-28,"ARI",1,22,4.10022601147091,4.63530491045993,0.407791608017838,0
"SFG",2026,2026-08-29,"ARI",1,23,4.10022601147091,4.63530491045993,0.407791608017838,0
"SFG",2026,2026-08-29,"ARI",1,24,4.10022601147091,4.63530491045993,0.407791608017838,0
"SFG",2026,2026-08-31,"ATL",0,25,3.91504520445196,4.87812267594207,0.373691401677026,0
"SFG",2026,2026-09-01,"PIT",0,26,4.45927186043657,4.76738178748939,0.476864630663848,0
"SFG",2026,2026-09-02,"PIT",0,27,4.45927186043657,4.76003567809817,0.476864630663848,0
"SFG",2026,2026-09-03,"PIT",0,28,4.45927186043657,4.76003567809817,0.476864630663848,0
"SFG",2026,2026-09-04,"NYM",0,29,4.63191116778579,4.42691580929542,0.487128710307948,0
"SFG",2026,2026-09-05,"NYM",0,30,4.63169901053491,4.42691580929542,0.487128710307948,0
"SFG",2026,2026-09-06,"NYM",0,31,4.63169901053491,4.42691580929542,0.487128710307948,0
"SFG",2026,2026-09-07,"STL",1,32,4.48586597578807,4.42515812649359,0.459201478699587,0
"SFG",2026,2026-09-08,"STL",1,33,4.48586597578807,4.42515812649359,0.459201478699587,0
"SFG",2026,2026-09-09,"STL",1,34,4.48586597578807,4.42515812649359,0.459201478699587,0
"SFG",2026,2026-09-11,"SDP",1,35,4.31449181309799,4.47151391332139,0.425786714696634,0
"SFG",2026,2026-09-12,"SDP",1,36,4.31449181309799,4.45879031558546,0.425786714696634,0
"SFG",2026,2026-09-13,"SDP",1,37,4.31449181309799,4.46047617068316,0.425786714696634,0
"SFG",2026,2026-09-14,"STL",0,38,4.47219133810621,4.38903812106049,0.459201478699587,0
"SFG",2026,2026-09-15,"STL",0,39,4.47219133810621,4.38903812106049,0.459201478699587,0
"SFG",2026,2026-09-16,"STL",0,40,4.47219133810621,4.38903812106049,0.459201478699587,0
"SFG",2026,2026-09-18,"LAD",0,41,3.67836425356156,4.82292891347422,0.371120478181703,0
"SFG",2026,2026-09-19,"LAD",0,42,3.67034154723695,4.82292891347422,0.371120478181703,0
"SFG",2026,2026-09-20,"LAD",0,43,3.67034154723695,4.82217049497632,0.371120478181703,0
"SFG",2026,2026-09-21,"MIN",1,44,4.70295270507601,4.61284158036938,0.50166186871571,1
"SFG",2026,2026-09-22,"MIN",1,45,4.70295270507601,4.61284158036938,0.50166186871571,1
"SFG",2026,2026-09-23,"MIN",1,46,4.68207774502214,4.61284158036938,0.50166186871571,1
"SFG",2026,2026-09-25,"LAD",1,47,3.6486349667689,4.82217049497632,0.371120478181703,0
"SFG",2026,2026-09-26,"LAD",1,48,3.6486349667689,4.82217049497632,0.371120478181703,0
"SFG",2026,2026-09-27,"LAD",1,49,3.66160940144968,4.82217049497632,0.371120478181703,0
"SFG",2026,2026-09-28,"TEX",0,50,4.43510768387939,4.42612510979112,0.473465547879433,0
"STL",2026,2026-08-04,"NYY",0,1,3.57324303790444,4.93588307489993,0.408204545776713,0
"STL",2026,2026-08-05,"NYY",0,2,3.57324303790444,4.93588307489993,0.408204545776713,0
"STL",2026,2026-08-07,"COL",1,3,5.20039029742432,4.80741396142128,0.550628712208879,1
"STL",2026,2026-08-08,"COL",1,4,5.20039029742432,4.80741396142128,0.550628712208879,1
"STL",2026,2026-08-09,"COL",1,5,5.20704468355403,4.80741396142128,0.550628712208879,1
"STL",2026,2026-08-10,"PHI",1,6,4.11957333168944,4.63299627588301,0.447411724021047,0
"STL",2026,2026-08-11,"PHI",1,7,4.11957333168944,4.63299627588301,0.447411724021047,0
"STL",2026,2026-08-12,"PHI",1,8,4.12129659573304,4.63299627588301,0.447411724021047,0
"STL",2026,2026-08-14,"CHC",0,9,3.96578073957519,5.40683869018999,0.412544044811788,0
"STL",2026,2026-08-15,"CHC",0,10,3.96578073957519,5.40683869018999,0.412544044811788,0
"STL",2026,2026-08-16,"CHC",0,11,3.96578073957519,5.40683869018999,0.412544044811788,0
"STL",2026,2026-08-17,"CIN",0,12,4.58815429685612,4.63545017114517,0.53847689636391,1
"STL",2026,2026-08-17,"CIN",0,13,4.58815429685612,4.63352567390071,0.53847689636391,1
"STL",2026,2026-08-18,"CIN",0,14,4.58815429685612,4.63352567390071,0.53847689636391,1
"STL",2026,2026-08-19,"CIN",0,15,4.59079029790962,4.63352567390071,0.53847689636391,1
"STL",2026,2026-08-20,"CIN",0,16,4.57983251654154,4.63352567390071,0.53847689636391,1
"STL",2026,2026-08-21,"PHI",0,17,4.12777174752909,4.63107177863855,0.447411724021047,0
"STL",2026,2026-08-22,"PHI",0,18,4.12777174752909,4.63107177863855,0.447411724021047,0
"STL",2026,2026-08-23,"PHI",0,19,4.12777174752909,4.63107177863855,0.447411724021047,0
"STL",2026,2026-08-25,"BAL",1,20,4.50819325566031,4.73185079433497,0.513843925344136,1
"STL",2026,2026-08-26,"BAL",1,21,4.50819325566031,4.73185079433497,0.513843925344136,1
"STL",2026,2026-08-27,"BAL",1,22,4.50819325566031,4.73185079433497,0.513843925344136,1
"STL",2026,2026-08-28,"PIT",1,23,4.39743292669306,5.02487382661742,0.52011580795927,1
"STL",2026,2026-08-29,"PIT",1,24,4.39743292669306,5.02487382661742,0.52011580795927,1
"STL",2026,2026-08-30,"PIT",1,25,4.39743292669306,5.02487382661742,0.52011580795927,1
"STL",2026,2026-09-01,"LAD",0,26,3.77370792744279,5.22867155389693,0.394798240542345,0
"STL",2026,2026-09-02,"LAD",0,27,3.77370792744279,5.21036826294257,0.394798240542345,0
"STL",2026,2026-09-03,"LAD",0,28,3.77370792744279,5.21036826294257,0.394798240542345,0
"STL",2026,2026-09-04,"COL",0,29,5.15011770151531,4.78718617322246,0.550628712208879,1
"STL",2026,2026-09-05,"COL",0,30,5.14699012578988,4.78718617322246,0.550628712208879,1
"STL",2026,2026-09-06,"COL",0,31,5.14699012578988,4.78718617322246,0.550628712208879,1
"STL",2026,2026-09-07,"SFG",0,32,4.36964341906227,4.61352030890384,0.5525744829422,1
"STL",2026,2026-09-08,"SFG",0,33,4.36964341906227,4.61352030890384,0.5525744829422,1
"STL",2026,2026-09-09,"SFG",0,34,4.36964341906227,4.61352030890384,0.5525744829422,1
"STL",2026,2026-09-11,"CHW",1,35,4.2511303955107,5.00888843995436,0.461740526576985,0
"STL",2026,2026-09-12,"CHW",1,36,4.2511303955107,5.0032110238613,0.461740526576985,0
"STL",2026,2026-09-13,"CHW",1,37,4.2511303955107,4.99087079836813,0.461740526576985,0
"STL",2026,2026-09-14,"SFG",1,38,4.35097126614941,4.57042040452272,0.5525744829422,1
"STL",2026,2026-09-15,"SFG",1,39,4.35097126614941,4.57042040452272,0.5525744829422,1
"STL",2026,2026-09-16,"SFG",1,40,4.35097126614941,4.57042040452272,0.5525744829422,1
"STL",2026,2026-09-18,"WSN",1,41,4.87669840278191,5.04005524403583,0.502765138577416,1
"STL",2026,2026-09-19,"WSN",1,42,4.88581206378411,5.04005524403583,0.502765138577416,1
"STL",2026,2026-09-20,"WSN",1,43,4.88581206378411,5.02097626589853,0.502765138577416,1
"STL",2026,2026-09-22,"PIT",0,44,4.34826660246507,4.95498488806291,0.52011580795927,1
"STL",2026,2026-09-23,"PIT",0,45,4.34826660246507,4.95498488806291,0.52011580795927,1
"STL",2026,2026-09-24,"PIT",0,46,4.3273916424112,4.95498488806291,0.52011580795927,1
"STL",2026,2026-09-25,"MIL",0,47,3.7534720746802,5.18653612936511,0.383760757521369,0
"STL",2026,2026-09-26,"MIL",0,48,3.7534720746802,5.18653612936511,0.383760757521369,0
"STL",2026,2026-09-27,"MIL",0,49,3.73691827405192,5.18653612936511,0.383760757521369,0
"STL",2026,2026-09-28,"NYY",0,50,3.57262256639525,4.84574907946157,0.408204545776713,0
"TBR",2026,2026-08-04,"COL",0,1,5.53490035297398,4.10499906921258,0.617349963645919,1
"TBR",2026,2026-08-05,"COL",0,2,5.53490035297398,4.10499906921258,0.617349963645919,1
"TBR",2026,2026-08-07,"SEA",0,3,4.24622617358051,3.79171773863872,0.579106303685513,1
"TBR",2026,2026-08-08,"SEA",0,4,4.24622617358051,3.79171773863872,0.579106303685513,1
"TBR",2026,2026-08-09,"SEA",0,5,4.24475946581223,3.79171773863872,0.579106303685513,1
"TBR",2026,2026-08-10,"OAK",0,6,5.2129917319098,3.87817614387574,0.63212905817117,1
"TBR",2026,2026-08-11,"OAK",0,7,5.2129917319098,3.87817614387574,0.63212905817117,1
"TBR",2026,2026-08-12,"OAK",0,8,5.21767386857369,3.87817614387574,0.63212905817117,1
"TBR",2026,2026-08-14,"BAL",1,9,4.68179173072786,3.91009579811422,0.567407905372221,1
"TBR",2026,2026-08-15,"BAL",1,10,4.68179173072786,3.91009579811422,0.567407905372221,1
"TBR",2026,2026-08-16,"BAL",1,11,4.68179173072786,3.91009579811422,0.567407905372221,1
"TBR",2026,2026-08-17,"BAL",1,12,4.68418744089864,3.91009579811422,0.567407905372221,1
"TBR",2026,2026-08-18,"TOR",1,13,4.64749035722442,3.78186512561773,0.612218211295987,1
"TBR",2026,2026-08-19,"TOR",1,14,4.64749035722442,3.78186512561773,0.612218211295987,1
"TBR",2026,2026-08-20,"TOR",1,15,4.65012635827791,3.78186512561773,0.612218211295987,1
"TBR",2026,2026-08-21,"BAL",0,16,4.6882668825239,3.90817130086976,0.567407905372221,1
"TBR",2026,2026-08-22,"BAL",0,17,4.6882668825239,3.90817130086976,0.567407905372221,1
"TBR",2026,2026-08-23,"BAL",0,18,4.6882668825239,3.90817130086976,0.567407905372221,1
"TBR",2026,2026-08-24,"DET",0,19,4.31992547275629,4.16629279218955,0.548873425897703,1
"TBR",2026,2026-08-25,"DET",0,20,4.3164680094089,4.16629279218955,0.548873425897703,1
"TBR",2026,2026-08-26,"DET",0,21,4.3164680094089,4.16629279218955,0.548873425897703,1
"TBR",2026,2026-08-28,"SDP",1,22,4.54695871053874,3.88704175513339,0.53581401716994,1
"TBR",2026,2026-08-29,"SDP",1,23,4.54695871053874,3.88704175513339,0.53581401716994,1
"TBR",2026,2026-08-30,"SDP",1,24,4.54695871053874,3.88704175513339,0.53581401716994,1
"TBR",2026,2026-08-31,"NYM",1,25,4.76246650063346,3.84416797507653,0.602350065411587,1
"TBR",2026,2026-09-01,"NYM",1,26,4.76246650063346,3.84416797507653,0.602350065411587,1
"TBR",2026,2026-09-02,"NYM",1,27,4.76246650063346,3.87339458073019,0.602350065411587,1
"TBR",2026,2026-09-03,"TEX",0,28,4.70724026644319,3.89445417726859,0.590278843589178,1
"TBR",2026,2026-09-04,"TEX",0,29,4.70586158523713,3.89445417726859,0.590278843589178,1
"TBR",2026,2026-09-05,"TEX",0,30,4.7027340095117,3.89445417726859,0.590278843589178,1
"TBR",2026,2026-09-06,"TEX",0,31,4.7027340095117,3.89445417726859,0.590278843589178,1
"TBR",2026,2026-09-08,"ATL",0,32,4.11366050415475,4.32279343390124,0.463096334523311,0
"TBR",2026,2026-09-09,"ATL",0,33,4.11366050415475,4.32279343390124,0.463096334523311,0
"TBR",2026,2026-09-10,"ATL",0,34,4.11366050415475,4.32279343390124,0.463096334523311,0
"TBR",2026,2026-09-11,"HOU",1,35,4.69753507205847,4.11898074687182,0.582562747784847,1
"TBR",2026,2026-09-12,"HOU",1,36,4.69753507205847,4.11330333077876,0.582562747784847,1
"TBR",2026,2026-09-13,"HOU",1,37,4.69753507205847,4.11498918587646,0.582562747784847,1
"TBR",2026,2026-09-15,"OAK",1,38,5.21617236723592,3.88318285726619,0.63212905817117,1
"TBR",2026,2026-09-16,"OAK",1,39,5.21617236723592,3.88318285726619,0.63212905817117,1
"TBR",2026,2026-09-17,"OAK",1,40,5.21617236723592,3.88318285726619,0.63212905817117,1
"TBR",2026,2026-09-18,"BOS",1,41,4.22953873762929,4.03959501107096,0.50082108555094,1
"TBR",2026,2026-09-19,"BOS",1,42,4.21736274620587,4.03959501107096,0.50082108555094,1
"TBR",2026,2026-09-20,"BOS",1,43,4.21736274620587,4.02987458308521,0.50082108555094,1
"TBR",2026,2026-09-22,"NYY",0,44,3.79910899139102,4.07777637610698,0.477227168717531,0
"TBR",2026,2026-09-22,"NYY",0,45,3.79910899139102,4.07777637610698,0.477227168717531,0
"TBR",2026,2026-09-23,"NYY",0,46,3.80519680123457,4.07777637610698,0.477227168717531,0
"TBR",2026,2026-09-24,"NYY",0,47,3.80519680123457,4.07777637610698,0.477227168717531,0
"TBR",2026,2026-09-25,"PHI",0,48,4.26699319389798,3.86314739835298,0.525537739235147,1
"TBR",2026,2026-09-26,"PHI",0,49,4.25612338277708,3.86314739835298,0.525537739235147,1
"TBR",2026,2026-09-27,"PHI",0,50,4.25612338277708,3.86314739835298,0.525537739235147,1
"TBR",2026,2026-09-28,"COL",1,51,5.3243118579398,4.03789443768567,0.617349963645919,1
"TEX",2026,2026-08-04,"SFG",1,1,4.59922264032845,4.47474343674918,0.54266263160909,1
"TEX",2026,2026-08-05,"SFG",1,2,4.59922264032845,4.47474343674918,0.54266263160909,1
"TEX",2026,2026-08-07,"BAL",1,3,4.56698189718919,4.50389211096283,0.491576546087912,0
"TEX",2026,2026-08-08,"BAL",1,4,4.56698189718919,4.50389211096283,0.491576546087912,0
"TEX",2026,2026-08-09,"BAL",1,5,4.56973442206795,4.50389211096283,0.491576546087912,0
"TEX",2026,2026-08-10,"LAA",0,6,4.75183510816225,4.40764209567178,0.561784627626008,1
"TEX",2026,2026-08-11,"LAA",0,7,4.75183510816225,4.40764209567178,0.561784627626008,1
"TEX",2026,2026-08-12,"LAA",0,8,4.75355837220585,4.40764209567178,0.561784627626008,1
"TEX",2026,2026-08-13,"LAA",0,9,4.75355837220585,4.40764209567178,0.561784627626008,1
"TEX",2026,2026-08-14,"OAK",0,10,4.96567623017341,4.44201152369662,0.563091373719618,1
"TEX",2026,2026-08-15,"OAK",0,11,4.96567623017341,4.44201152369662,0.563091373719618,1
"TEX",2026,2026-08-16,"OAK",0,12,4.96807194034419,4.44201152369662,0.563091373719618,1
"TEX",2026,2026-08-18,"WSN",1,13,4.96588111274638,4.77693768843608,0.4904474920914,0
"TEX",2026,2026-08-19,"WSN",1,14,4.96588111274638,4.77693768843608,0.4904474920914,0
"TEX",2026,2026-08-20,"WSN",1,15,4.96851711379987,4.77693768843608,0.4904474920914,0
"TEX",2026,2026-08-21,"LAA",1,16,4.7278676712492,4.40571759842732,0.561784627626008,1
"TEX",2026,2026-08-22,"LAA",1,17,4.7278676712492,4.40571759842732,0.561784627626008,1
"TEX",2026,2026-08-23,"LAA",1,18,4.7278676712492,4.40571759842732,0.561784627626008,1
"TEX",2026,2026-08-24,"CHW",0,19,4.3882442276232,4.79869654678515,0.44882258397633,0
"TEX",2026,2026-08-25,"CHW",0,20,4.38920383711347,4.79869654678515,0.44882258397633,0
"TEX",2026,2026-08-26,"CHW",0,21,4.38920383711347,4.79869654678515,0.44882258397633,0
"TEX",2026,2026-08-28,"MIL",0,22,3.90407743531117,4.89424755437259,0.374658272622699,0
"TEX",2026,2026-08-29,"MIL",0,23,3.90407743531117,4.89424755437259,0.374658272622699,0
"TEX",2026,2026-08-30,"MIL",0,24,3.90407743531117,4.89424755437259,0.374658272622699,0
"TEX",2026,2026-08-31,"OAK",1,25,4.96070976951988,4.44008702645216,0.563091373719618,1
"TEX",2026,2026-09-01,"OAK",1,26,4.96070976951988,4.44008702645216,0.563091373719618,1
"TEX",2026,2026-09-02,"OAK",1,27,4.96070976951988,4.43142895926619,0.563091373719618,1
"TEX",2026,2026-09-03,"TBR",1,28,3.88916524585302,4.54174166242255,0.432102224795093,0
"TEX",2026,2026-09-04,"TBR",1,29,3.8801419723992,4.54174166242255,0.432102224795093,0
"TEX",2026,2026-09-05,"TBR",1,30,3.87992981514831,4.54174166242255,0.432102224795093,0
"TEX",2026,2026-09-06,"TBR",1,31,3.87992981514831,4.54174166242255,0.432102224795093,0
"TEX",2026,2026-09-08,"SEA",0,32,4.11125928514984,4.38905426165328,0.481790237876904,0
"TEX",2026,2026-09-09,"SEA",0,33,4.11125928514984,4.38905426165328,0.481790237876904,0
"TEX",2026,2026-09-10,"SEA",0,34,4.11125928514984,4.38905426165328,0.481790237876904,0
"TEX",2026,2026-09-11,"ARI",0,35,4.1737114308272,4.58692955592616,0.427709034349219,0
"TEX",2026,2026-09-12,"ARI",0,36,4.1737114308272,4.57420595819023,0.427709034349219,0
"TEX",2026,2026-09-13,"ARI",0,37,4.1737114308272,4.56186573269706,0.427709034349219,0
"TEX",2026,2026-09-15,"BOS",1,38,4.0710030635174,4.59024578321793,0.411883372536669,0
"TEX",2026,2026-09-16,"BOS",1,39,4.0710030635174,4.59024578321793,0.411883372536669,0
"TEX",2026,2026-09-17,"BOS",1,40,4.0710030635174,4.59024578321793,0.411883372536669,0
"TEX",2026,2026-09-18,"TOR",1,41,4.3423048410572,4.30164559844265,0.532211022421913,1
"TEX",2026,2026-09-19,"TOR",1,42,4.33428213473259,4.30164559844265,0.532211022421913,1
"TEX",2026,2026-09-20,"TOR",1,43,4.33428213473259,4.29192517045689,0.532211022421913,1
"TEX",2026,2026-09-22,"NYM",1,44,4.62254590735958,4.3508679420603,0.518596846425404,1
"TEX",2026,2026-09-23,"NYM",1,45,4.62254590735958,4.3508679420603,0.518596846425404,1
"TEX",2026,2026-09-24,"NYM",1,46,4.60412377343534,4.3508679420603,0.518596846425404,1
"TEX",2026,2026-09-25,"MIN",0,47,4.73067110253217,4.55763126460783,0.537871642675467,1
"TEX",2026,2026-09-26,"MIN",0,48,4.73067110253217,4.55763126460783,0.537871642675467,1
"TEX",2026,2026-09-27,"MIN",0,49,4.68252218500583,4.55763126460783,0.537871642675467,1
"TEX",2026,2026-09-28,"SFG",1,50,4.46028062473491,4.4096515900378,0.54266263160909,1
"TOR",2026,2026-08-04,"HOU",0,1,4.61504847001148,4.70737782132316,0.482448950640154,0
"TOR",2026,2026-08-05,"HOU",0,2,4.61504847001148,4.70737782132316,0.482448950640154,0
"TOR",2026,2026-08-06,"CHC",0,3,3.90601800009506,5.00772485258652,0.384410989719221,0
"TOR",2026,2026-08-07,"PHI",0,4,4.02623256482606,4.45188582506034,0.420234020472323,0
"TOR",2026,2026-08-08,"PHI",0,5,4.02898508970482,4.45188582506034,0.420234020472323,0
"TOR",2026,2026-08-09,"PHI",0,6,4.02898508970482,4.45188582506034,0.420234020472323,0
"TOR",2026,2026-08-10,"BOS",1,7,3.96900646861945,4.61176204222431,0.393970989017554,0
"TOR",2026,2026-08-11,"BOS",1,8,3.97072973266305,4.61176204222431,0.393970989017554,0
"TOR",2026,2026-08-12,"BOS",1,9,3.97072973266305,4.61176204222431,0.393970989017554,0
"TOR",2026,2026-08-13,"BOS",1,10,3.97072973266305,4.61176204222431,0.393970989017554,0
"TOR",2026,2026-08-14,"NYY",1,11,3.64140080685068,4.68693336774085,0.379108339988989,0
"TOR",2026,2026-08-15,"NYY",1,12,3.64379651702146,4.68693336774085,0.379108339988989,0
"TOR",2026,2026-08-16,"NYY",1,13,3.64379651702146,4.68500887049639,0.379108339988989,0
"TOR",2026,2026-08-18,"TBR",0,14,3.76623950415423,4.5015837908314,0.398851584085609,0
"TOR",2026,2026-08-19,"TBR",0,15,3.76887550520772,4.5015837908314,0.398851584085609,0
"TOR",2026,2026-08-20,"TBR",0,16,3.77031894577949,4.5015837908314,0.398851584085609,0
"TOR",2026,2026-08-21,"NYY",0,17,3.64787595864672,4.68500887049639,0.379108339988989,0
"TOR",2026,2026-08-22,"NYY",0,18,3.64787595864672,4.68500887049639,0.379108339988989,0
"TOR",2026,2026-08-23,"NYY",0,19,3.64787595864672,4.68500887049639,0.379108339988989,0
"TOR",2026,2026-08-25,"KCR",1,20,4.87478898543569,4.39763138118941,0.528266912715919,1
"TOR",2026,2026-08-26,"KCR",1,21,4.87478898543569,4.39763138118941,0.528266912715919,1
"TOR",2026,2026-08-27,"KCR",1,22,4.87478898543569,4.39763138118941,0.528266912715919,1
"TOR",2026,2026-08-28,"SEA",1,23,3.97776099543618,4.36403627950383,0.458610393158326,0
"TOR",2026,2026-08-29,"SEA",1,24,3.97776099543618,4.36403627950383,0.458610393158326,0
"TOR",2026,2026-08-30,"SEA",1,25,3.97776099543618,4.36403627950383,0.458610393158326,0
"TOR",2026,2026-09-01,"CLE",0,26,3.71127400767314,4.36331167135049,0.443290321077331,0
"TOR",2026,2026-09-02,"CLE",0,27,3.71127400767314,4.31088482097725,0.443290321077331,0
"TOR",2026,2026-09-03,"CLE",0,28,3.71127400767314,4.31088482097725,0.443290321077331,0
"TOR",2026,2026-09-04,"KCR",0,29,4.86921602510285,4.34520453081617,0.528266912715919,1
"TOR",2026,2026-09-05,"KCR",0,30,4.86900386785197,4.34520453081617,0.528266912715919,1
"TOR",2026,2026-09-06,"KCR",0,31,4.86900386785197,4.34520453081617,0.528266912715919,1
"TOR",2026,2026-09-07,"OAK",0,32,4.75763481135118,4.37593795804247,0.530356196029279,1
"TOR",2026,2026-09-08,"OAK",0,33,4.75763481135118,4.37593795804247,0.530356196029279,1
"TOR",2026,2026-09-09,"OAK",0,34,4.75763481135118,4.37593795804247,0.530356196029279,1
"TOR",2026,2026-09-11,"BAL",1,35,4.43480132299541,4.41364471880297,0.478962983629895,0
"TOR",2026,2026-09-12,"BAL",1,36,4.43480132299541,4.40796730270991,0.478962983629895,0
"TOR",2026,2026-09-13,"BAL",1,37,4.43480132299541,4.39562707721674,0.478962983629895,0
"TOR",2026,2026-09-14,"DET",1,38,4.01963336298437,4.61050094369838,0.435677407550586,0
"TOR",2026,2026-09-15,"DET",1,39,4.01963336298437,4.61050094369838,0.435677407550586,0
"TOR",2026,2026-09-16,"DET",1,40,4.01963336298437,4.61050094369838,0.435677407550586,0
"TOR",2026,2026-09-18,"TEX",0,41,4.37164816437749,4.31807097795325,0.483940581475119,0
"TOR",2026,2026-09-19,"TEX",0,42,4.34986714648827,4.31807097795325,0.483940581475119,0
"TOR",2026,2026-09-20,"TEX",0,43,4.34986714648827,4.30835054996749,0.483940581475119,0
"TOR",2026,2026-09-21,"BAL",0,44,4.38481166401743,4.37654809907944,0.478962983629895,0
"TOR",2026,2026-09-22,"BAL",0,45,4.38481166401743,4.37654809907944,0.478962983629895,0
"TOR",2026,2026-09-23,"BAL",0,46,4.3663895300932,4.37654809907944,0.478962983629895,0
"TOR",2026,2026-09-25,"CIN",1,47,4.4423657419568,4.28439972656541,0.504272625804985,1
"TOR",2026,2026-09-26,"CIN",1,48,4.4423657419568,4.28439972656541,0.504272625804985,1
"TOR",2026,2026-09-27,"CIN",1,49,4.39526335575685,4.28439972656541,0.504272625804985,1
"TOR",2026,2026-09-28,"HOU",0,50,4.48491331111069,4.6172438258848,0.482448950640154,0
"WSN",2026,2026-08-04,"PHI",0,1,4.57318302663444,5.20592077234859,0.448008017588243,0
"WSN",2026,2026-08-05,"PHI",0,2,4.57318302663444,5.20592077234859,0.448008017588243,0
"WSN",2026,2026-08-06,"PHI",0,3,4.57318302663444,5.20592077234859,0.448008017588243,0
"WSN",2026,2026-08-07,"CIN",1,4,5.30444783611971,5.21514017948791,0.543358756843134,1
"WSN",2026,2026-08-08,"CIN",1,5,5.30863970459918,5.21514017948791,0.543358756843134,1
"WSN",2026,2026-08-09,"CIN",1,6,5.30863970459918,5.21514017948791,0.543358756843134,1
"WSN",2026,2026-08-11,"CHC",1,7,4.44691916138959,5.84662365098088,0.403086750259703,0
"WSN",2026,2026-08-12,"CHC",1,8,4.45290707358017,5.84662365098088,0.403086750259703,0
"WSN",2026,2026-08-13,"CHC",1,9,4.45290707358017,5.84662365098088,0.403086750259703,0
"WSN",2026,2026-08-14,"NYM",0,10,5.24031996129058,5.17274870195182,0.523956285523268,1
"WSN",2026,2026-08-15,"NYM",0,11,5.24031996129058,5.17274870195182,0.523956285523268,1
"WSN",2026,2026-08-16,"NYM",0,12,5.24271567146136,5.17274870195182,0.523956285523268,1
"WSN",2026,2026-08-18,"TEX",0,13,5.00182032609132,5.12636737116004,0.514324504726028,1
"WSN",2026,2026-08-19,"TEX",0,14,5.00182032609132,5.12636737116004,0.514324504726028,1
"WSN",2026,2026-08-20,"TEX",0,15,4.99849071921802,5.12636737116004,0.514324504726028,1
"WSN",2026,2026-08-21,"MIA",0,16,4.95311571106242,5.31615128072082,0.473567060520429,0
"WSN",2026,2026-08-22,"MIA",0,17,4.95311571106242,5.31615128072082,0.473567060520429,0
"WSN",2026,2026-08-23,"MIA",0,18,4.95311571106242,5.31615128072082,0.473567060520429,0
"WSN",2026,2026-08-24,"COL",1,19,5.98085039922758,5.29602136654788,0.557845710821815,1
"WSN",2026,2026-08-25,"COL",1,20,5.97739293588019,5.29602136654788,0.557845710821815,1
"WSN",2026,2026-08-26,"COL",1,21,5.97739293588019,5.29602136654788,0.557845710821815,1
"WSN",2026,2026-08-27,"COL",1,22,5.97739293588019,5.29602136654788,0.557845710821815,1
"WSN",2026,2026-08-28,"MIA",1,23,4.94965824771503,5.31615128072082,0.473567060520429,0
"WSN",2026,2026-08-29,"MIA",1,24,4.94965824771503,5.31615128072082,0.473567060520429,0
"WSN",2026,2026-08-30,"MIA",1,25,4.94965824771503,5.31615128072082,0.473567060520429,0
"WSN",2026,2026-08-31,"MIA",1,26,4.94965824771503,5.31615128072082,0.473567060520429,0
"WSN",2026,2026-09-01,"ATL",1,27,4.50497308206363,5.74812957035695,0.403366233069415,0
"WSN",2026,2026-09-02,"ATL",1,28,4.50497308206363,5.74812957035695,0.403366233069415,0
"WSN",2026,2026-09-04,"LAD",0,29,4.26891237680621,5.79495101127752,0.397592337628097,0
"WSN",2026,2026-09-05,"LAD",0,30,4.25986926117213,5.79495101127752,0.397592337628097,0
"WSN",2026,2026-09-06,"LAD",0,31,4.25986926117213,5.79495101127752,0.397592337628097,0
"WSN",2026,2026-09-07,"SDP",0,32,4.84498354282603,5.24456478780301,0.459373562732241,0
"WSN",2026,2026-09-08,"SDP",0,33,4.84498354282603,5.24456478780301,0.459373562732241,0
"WSN",2026,2026-09-09,"SDP",0,34,4.84498354282603,5.24456478780301,0.459373562732241,0
"WSN",2026,2026-09-11,"LAA",1,35,5.27360560780865,5.00874126684338,0.571032657217811,1
"WSN",2026,2026-09-12,"LAA",1,36,5.27360560780865,4.99601766910746,0.571032657217811,1
"WSN",2026,2026-09-13,"LAA",1,37,5.27360560780865,4.98367744361429,0.571032657217811,1
"WSN",2026,2026-09-15,"PHI",1,38,4.55688319957785,5.0839063295817,0.448008017588243,0
"WSN",2026,2026-09-16,"PHI",1,39,4.55688319957785,5.0839063295817,0.448008017588243,0
"WSN",2026,2026-09-18,"STL",0,40,5.04011544800503,4.97852372050645,0.496567126077882,0
"WSN",2026,2026-09-19,"STL",0,41,5.05681818607284,4.97852372050645,0.496567126077882,0
"WSN",2026,2026-09-20,"STL",0,42,5.04879547974822,4.97852372050645,0.496567126077882,0
"WSN",2026,2026-09-21,"DET",0,43,4.6818424452613,5.49834560197323,0.461045039717974,0
"WSN",2026,2026-09-22,"DET",0,44,4.67836655471176,5.49834560197323,0.461045039717974,0
"WSN",2026,2026-09-23,"DET",0,45,4.67836655471176,5.49834560197323,0.461045039717974,0
"WSN",2026,2026-09-25,"NYM",1,46,5.19168385267252,5.01944493944543,0.523956285523268,1
"WSN",2026,2026-09-26,"NYM",1,47,5.19168385267252,5.01944493944543,0.523956285523268,1
"WSN",2026,2026-09-27,"NYM",1,48,5.19168385267252,5.01944493944543,0.523956285523268,1
"WSN",2026,2026-09-28,"PHI",0,49,4.6002037274362,5.05261700984219,0.448008017588243,0
